Dist Code,year,State Code,State Name,Dist Name,Groundnut Area,Groundnut Production,Groundnut Yield,mean_temperature_C,mean_relative_humidity_pct,mean_root_zone_soil_wetness,annual_precipitation_mm,mean_ndvi,mean_evi,ndvi_std,evi_std,valid_observations
52,2000,1,Andhra Pradesh,Ananthapur,814.61,908.8,1115.63,26.52254098360656,59.557704918032805,0.5948633879781424,510.47,0.19429,0.137745,0.0349843107692577,0.0275721154906833,20
52,2001,1,Andhra Pradesh,Ananthapur,777.47,363.02,466.92,26.603369863013704,60.14432876712328,0.6158082191780817,606.79,0.1773652173913043,0.1196347826086956,0.0459932762743707,0.030392173165526,23
52,2002,1,Andhra Pradesh,Ananthapur,750.0,279.0,372.0,27.092493150684938,57.95668493150686,0.5848767123287664,432.7699999999999,0.1680782608695652,0.1121217391304347,0.0215992625404778,0.0158350863740716,23
52,2003,1,Andhra Pradesh,Ananthapur,686.0,207.68,302.74,27.659561643835595,55.7808493150685,0.5772328767123281,351.1999999999998,0.1570565217391304,0.101895652173913,0.025586374678136,0.0185060549860375,23
52,2004,1,Andhra Pradesh,Ananthapur,872.32,706.28,809.66,26.287049180327863,61.406666666666666,0.5996721311475411,548.2399999999994,0.1675304347826087,0.110491304347826,0.0299080322866101,0.0162280036593167,23
52,2005,1,Andhra Pradesh,Ananthapur,899.04,391.97,435.99,26.213178082191774,64.96443835616438,0.653479452054795,852.4499999999999,0.1763869565217391,0.1225,0.0278720176447442,0.0268211076986357,23
52,2006,1,Andhra Pradesh,Ananthapur,662.11,62.14,93.85,26.362739726027417,62.53720547945207,0.5993424657534244,578.7199999999997,0.1772565217391304,0.1224478260869565,0.0210433929619674,0.0189612012844702,23
52,2007,1,Andhra Pradesh,Ananthapur,896.83,1130.13,1260.14,26.007917808219165,64.17158904109584,0.6401917808219177,875.2899999999992,0.1788217391304347,0.1220695652173913,0.0366599850781319,0.0246413812109668,23
52,2008,1,Andhra Pradesh,Ananthapur,870.46,100.01,114.89,25.95387978142076,63.99704918032784,0.6217759562841533,762.5899999999998,0.1848869565217391,0.1240086956521739,0.029070592831742,0.0200186257144208,23
52,2009,1,Andhra Pradesh,Ananthapur,530.38,141.98,267.69,26.65476712328765,61.27087671232877,0.6129315068493149,655.0900000000001,0.1892347826086956,0.124295652173913,0.0333176940255154,0.02257090803065,23
52,2010,1,Andhra Pradesh,Ananthapur,834.07,481.0,576.69,26.582904109589027,65.03243835616438,0.6308493150684925,807.5499999999995,0.1889521739130435,0.1240478260869565,0.0187520149114996,0.0187536631467808,23
52,2011,1,Andhra Pradesh,Ananthapur,753.84,207.38,275.1,26.405863013698617,60.71923287671233,0.5957534246575347,562.0199999999999,0.1841086956521739,0.118395652173913,0.0310649160928805,0.0221783776409053,23
52,2012,1,Andhra Pradesh,Ananthapur,729.7,329.95,452.17,26.90590163934429,57.85360655737704,0.5879508196721305,502.4899999999998,0.1788130434782608,0.1150173913043478,0.0263016471027235,0.019318823890748,23
52,2013,1,Andhra Pradesh,Ananthapur,728.45,312.93,429.58,26.50487671232877,61.45687671232875,0.602630136986301,579.49,0.1709043478260869,0.1123869565217391,0.0252086831768317,0.0156805410489859,23
52,2014,1,Andhra Pradesh,Ananthapur,565.75,173.39,306.48,26.64912328767123,59.95361643835616,0.5916438356164372,533.0799999999997,0.1847304347826087,0.1192782608695652,0.0334350990697256,0.0256004076054506,23
52,2015,1,Andhra Pradesh,Ananthapur,468.18,352.1,752.06,26.442273972602745,61.86161643835618,0.5990136986301362,633.1199999999998,0.1836739130434782,0.1269869565217391,0.0251717774391607,0.0236634798091878,23
52,2016,1,Andhra Pradesh,Ananthapur,623.73,164.51,263.75,27.248251366120225,55.636202185792335,0.5891256830601106,431.8899999999998,0.1813521739130434,0.1174173913043478,0.0302677576663716,0.0204288488567674,23
52,2017,1,Andhra Pradesh,Ananthapur,423.12,454.94,1075.19,26.67320547945205,60.15772602739726,0.6208219178082187,725.1300000000003,0.1765086956521739,0.1142652173913043,0.0243241165969361,0.0155445579104846,23
54,2000,1,Andhra Pradesh,Chittoor,214.5,278.77,1299.63,26.83494535519129,69.73049180327865,0.6171857923497261,969.05,0.2144849999999999,0.125655,0.0357421802268471,0.0287474937122672,20
54,2001,1,Andhra Pradesh,Chittoor,192.81,184.41,956.43,27.18539726027397,68.64008219178079,0.628849315068493,1044.3300000000004,0.2214826086956521,0.1311695652173913,0.0743526343127734,0.0505343486675836,23
54,2002,1,Andhra Pradesh,Chittoor,120.0,103.0,858.33,27.21315068493149,68.81142465753419,0.6193150684931507,821.1199999999999,0.2284739130434782,0.1371130434782608,0.0462698430886321,0.0392466941786511,23
54,2003,1,Andhra Pradesh,Chittoor,159.61,143.78,900.82,27.57041095890413,67.12054794520544,0.6039726027397252,780.3400000000001,0.2063217391304347,0.1273043478260869,0.0425815896680258,0.0298011055051329,23
54,2004,1,Andhra Pradesh,Chittoor,218.76,198.79,908.71,26.408907103825136,72.31781420765026,0.6587431693989066,1183.7100000000005,0.1951043478260869,0.1194521739130435,0.0359248265417571,0.0248916354984272,23
54,2005,1,Andhra Pradesh,Chittoor,195.34,174.89,895.31,26.780027397260262,72.82797260273969,0.6716164383561631,1547.81,0.2268217391304348,0.1369391304347826,0.0521499407872211,0.0284518051692911,23
54,2006,1,Andhra Pradesh,Chittoor,105.29,99.31,943.2,26.7146575342466,70.7906575342466,0.6477534246575353,974.3099999999991,0.231195652173913,0.1416,0.0736896901525756,0.0498964199845312,23
54,2007,1,Andhra Pradesh,Chittoor,166.5,302.7,1818.02,26.58553424657532,71.84824657534247,0.6510136986301365,1128.2100000000005,0.2199478260869565,0.1275652173913043,0.048877470823992,0.042358841608932,23
54,2008,1,Andhra Pradesh,Chittoor,188.9,130.62,691.48,26.45778688524591,72.27554644808738,0.650819672131147,1249.0500000000004,0.2269173913043478,0.1372217391304348,0.036359363582963,0.0305251305785568,23
54,2009,1,Andhra Pradesh,Chittoor,139.43,130.86,938.54,27.159945205479435,69.00613698630139,0.6296712328767115,974.01,0.2151913043478261,0.1243304347826087,0.0323074845401534,0.0232723096244639,23
54,2010,1,Andhra Pradesh,Chittoor,161.96,191.07,1179.74,26.991013698630127,73.00210958904104,0.6606301369863009,1170.19,0.267895652173913,0.1645434782608695,0.0711987326129594,0.0547657559403265,23
54,2011,1,Andhra Pradesh,Chittoor,146.16,128.44,878.76,26.677041095890413,70.47956164383561,0.6400273972602729,1046.4199999999998,0.2456565217391304,0.1490608695652174,0.0343031117868462,0.0339436396389185,23
54,2012,1,Andhra Pradesh,Chittoor,150.23,126.66,843.11,27.248579234972667,67.96071038251364,0.6177595628415299,888.4499999999998,0.2602434782608696,0.1617434782608695,0.0669362031821546,0.054357736139954,23
54,2013,1,Andhra Pradesh,Chittoor,155.08,175.32,1130.51,26.96090410958905,69.86726027397258,0.6234246575342463,901.3500000000004,0.2506347826086956,0.1520521739130435,0.0345170788911498,0.0302274539505399,23
54,2014,1,Andhra Pradesh,Chittoor,131.41,95.81,729.09,27.25660273972604,67.42093150684926,0.6043287671232866,861.4699999999993,0.2541913043478261,0.1501565217391304,0.0617292837023333,0.0439174828108657,23
54,2015,1,Andhra Pradesh,Chittoor,126.57,164.09,1296.44,26.888164383561644,71.30309589041092,0.6516438356164371,1667.0099999999998,0.2455826086956522,0.1545043478260869,0.0376175448932338,0.0307229182778895,23
54,2016,1,Andhra Pradesh,Chittoor,147.5,119.97,813.35,27.19232240437153,68.04770491803279,0.6174043715847006,718.0899999999995,0.2554521739130435,0.1547043478260869,0.0325519426813825,0.032997747557576,23
54,2017,1,Andhra Pradesh,Chittoor,129.53,263.38,2033.29,27.253315068493144,69.54145205479445,0.6591506849315071,1134.6900000000005,0.291295652173913,0.1769608695652174,0.0728104542834641,0.0480664193791961,23
46,2000,1,Andhra Pradesh,East Godavari,1.11,1.56,1405.41,27.636475409836063,75.04576502732236,0.4218032786885239,810.6099999999998,0.47164,0.27347,0.1431793479668437,0.067945675668914,20
46,2001,1,Andhra Pradesh,East Godavari,0.63,1.05,1666.67,27.800602739726,74.92273972602739,0.4401917808219179,943.9799999999992,0.4793608695652174,0.2885173913043478,0.138841180487669,0.0804702974687155,23
46,2002,1,Andhra Pradesh,East Godavari,1.0,1.0,1000.0,28.015589041095872,73.38147945205483,0.4202465753424658,772.4899999999999,0.4967739130434783,0.2919043478260869,0.0809052544500569,0.0565752152469361,23
46,2003,1,Andhra Pradesh,East Godavari,0.71,1.1,1549.3,27.560739726027396,77.01136986301366,0.4741369863013694,1156.5999999999988,0.4784869565217391,0.2826869565217391,0.1054649157705918,0.0718366980433451,23
46,2004,1,Andhra Pradesh,East Godavari,0.49,0.96,1959.18,27.272650273224063,76.9802459016393,0.4895628415300543,993.1099999999994,0.4920478260869565,0.2913347826086956,0.0708546968326102,0.0435479527615629,23
46,2005,1,Andhra Pradesh,East Godavari,0.63,1.38,2190.48,27.62772602739725,77.16780821917813,0.5050958904109586,1418.0999999999997,0.4698608695652174,0.2821347826086957,0.0955892811560834,0.0796673459323526,23
46,2006,1,Andhra Pradesh,East Godavari,0.53,1.08,2037.74,27.456082191780816,76.73282191780821,0.5356712328767125,1408.7499999999998,0.465195652173913,0.2762086956521739,0.0560700898896832,0.0457382067566302,23
46,2007,1,Andhra Pradesh,East Godavari,0.57,1.11,1947.37,27.394328767123284,77.20936986301368,0.5185205479452056,1193.7099999999994,0.4560782608695652,0.2755695652173913,0.0751429846512133,0.0602395025542557,23
46,2008,1,Andhra Pradesh,East Godavari,0.49,1.05,2142.86,27.542622950819684,76.44713114754097,0.4891256830601089,1101.8499999999992,0.4719521739130435,0.2623434782608695,0.1207253564898639,0.0587519657395467,23
46,2009,1,Andhra Pradesh,East Godavari,0.57,1.3,2280.7,28.108712328767123,73.85115068493161,0.4076712328767116,731.5999999999999,0.4152652173913043,0.2522695652173913,0.0864767368019003,0.0701861967443651,23
46,2010,1,Andhra Pradesh,East Godavari,0.36,0.72,2000.0,27.68865753424659,78.49928767123288,0.5798904109589041,1903.959999999999,0.4343608695652173,0.2493652173913043,0.1273935196693887,0.0794740358327265,23
46,2011,1,Andhra Pradesh,East Godavari,0.27,0.61,2259.26,27.460246575342467,75.73446575342464,0.4916986301369864,933.9599999999998,0.4548043478260869,0.2748739130434782,0.072624335254419,0.0520969918638765,23
46,2012,1,Andhra Pradesh,East Godavari,0.28,0.65,2321.43,27.51554644808741,76.53964480874315,0.5110928961748631,1436.9499999999998,0.4520782608695652,0.2664782608695652,0.0971089404952534,0.0664610477615664,23
46,2013,1,Andhra Pradesh,East Godavari,0.19,0.44,2315.79,27.45263013698629,76.48052054794519,0.5070958904109596,1378.7099999999994,0.4506434782608696,0.2647739130434782,0.0783191653433503,0.048744027302106,23
46,2014,1,Andhra Pradesh,East Godavari,0.37,1.14,3081.08,27.724986301369864,74.22465753424663,0.453068493150685,903.0599999999996,0.4425304347826087,0.2647739130434782,0.0854715712162003,0.054193418062204,23
46,2015,1,Andhra Pradesh,East Godavari,0.36,1.0,2777.78,27.555315068493147,76.5661917808219,0.5135342465753424,1307.4599999999994,0.3908434782608695,0.2394391304347826,0.0840567980382472,0.0603833867815435,23
46,2016,1,Andhra Pradesh,East Godavari,0.31,0.92,2964.63,27.717650273224063,75.79980874316944,0.5369125683060106,1303.1099999999988,0.4249086956521739,0.2587130434782608,0.0876329478981065,0.0801158156236549,23
46,2017,1,Andhra Pradesh,East Godavari,0.16,0.51,3121.95,27.554630136986297,77.87,0.5311506849315069,1263.85,0.4348739130434783,0.2531,0.0867607170083919,0.0590570294484299,23
49,2000,1,Andhra Pradesh,Guntur,11.03,16.76,1518.93,27.741092896174862,70.72628415300548,0.5992896174863395,1070.249999999999,0.292205,0.174305,0.0654462051089128,0.0360634014071417,20
49,2001,1,Andhra Pradesh,Guntur,8.25,17.58,2129.89,28.0789589041096,68.69454794520547,0.559616438356165,910.1299999999997,0.2751521739130435,0.1656391304347826,0.0783421683129103,0.0458260221740922,23
49,2002,1,Andhra Pradesh,Guntur,7.22,11.68,1617.73,28.539369863013697,66.52227397260268,0.5440000000000004,768.2199999999999,0.2905304347826087,0.1738217391304347,0.0346259681162013,0.0211364389475474,23
49,2003,1,Andhra Pradesh,Guntur,11.93,17.15,1438.16,28.30728767123287,68.82778082191781,0.5551506849315062,857.2299999999997,0.2705434782608695,0.1596739130434782,0.065141062500664,0.0342891477318103,23
49,2004,1,Andhra Pradesh,Guntur,8.82,19.4,2198.44,27.72243169398905,69.79224043715851,0.5532513661202192,759.0999999999997,0.2938391304347826,0.1788434782608695,0.045231342101472,0.0314591629387421,23
49,2005,1,Andhra Pradesh,Guntur,9.58,25.55,2666.35,27.954739726027416,71.10380821917805,0.6132602739726029,1192.2599999999995,0.2761608695652174,0.1716652173913043,0.0457959877076428,0.0389399958992346,23
49,2006,1,Andhra Pradesh,Guntur,7.15,17.27,2417.09,27.65150684931508,71.33758904109581,0.6031506849315069,1343.6199999999994,0.2756260869565217,0.1705565217391304,0.0283580390620832,0.0248507330436412,23
49,2007,1,Andhra Pradesh,Guntur,11.66,17.62,1510.31,27.443041095890408,72.52298630136987,0.6342191780821919,1067.7199999999996,0.2709608695652173,0.1683217391304347,0.0424763114638397,0.0282909551322059,23
49,2008,1,Andhra Pradesh,Guntur,9.64,21.4,2219.87,27.714098360655733,70.94814207650272,0.6063114754098361,1157.69,0.2881130434782609,0.1783434782608695,0.0345235269496538,0.0274660091764175,23
49,2009,1,Andhra Pradesh,Guntur,7.33,19.72,2691.13,28.422356164383583,68.10586301369861,0.549945205479452,819.6299999999994,0.2737826086956522,0.1581391304347826,0.0823578149527685,0.0248241952928339,23
49,2010,1,Andhra Pradesh,Guntur,8.53,20.37,2388.27,27.906630136986298,73.66304109589045,0.6699999999999994,1557.239999999999,0.2770217391304347,0.1696217391304348,0.0485340457497409,0.0218407658149479,23
49,2011,1,Andhra Pradesh,Guntur,7.98,19.99,2505.49,27.95665753424659,68.30279452054796,0.560767123287671,730.1799999999998,0.2727826086956522,0.1725434782608695,0.0386744530686356,0.027518222492922,23
49,2012,1,Andhra Pradesh,Guntur,10.84,22.84,2106.47,27.873005464480865,70.19754098360653,0.6046721311475415,1192.6499999999996,0.289295652173913,0.1759695652173913,0.0461330337005813,0.0356438881001116,23
49,2013,1,Andhra Pradesh,Guntur,8.36,26.4,3159.32,27.45372602739725,72.34273972602739,0.6130136986301361,1279.53,0.2903869565217391,0.176795652173913,0.0437562390808216,0.0229514998175177,23
49,2014,1,Andhra Pradesh,Guntur,6.93,27.16,3920.74,28.17909589041094,66.95068493150687,0.5476986301369866,749.0800000000003,0.2893913043478261,0.1724434782608695,0.0440503525219975,0.0298505798038246,23
49,2015,1,Andhra Pradesh,Guntur,5.84,18.52,3169.46,28.212931506849333,67.95756164383562,0.5503013698630141,824.0000000000001,0.2757565217391304,0.1640695652173913,0.0365662888226419,0.0217379942786108,23
49,2016,1,Andhra Pradesh,Guntur,6.59,20.26,3075.32,28.03997267759565,68.69133879781421,0.5713934426229512,935.8699999999998,0.2656652173913044,0.1590043478260869,0.0370996521509746,0.02893799764168,23
49,2017,1,Andhra Pradesh,Guntur,5.88,21.29,3622.08,28.14216438356165,69.85731506849318,0.6023013698630143,991.1999999999996,0.2772695652173913,0.1600086956521739,0.0603829779956284,0.0274030010473882,23
53,2000,1,Andhra Pradesh,Kadapa YSR,176.85,206.74,1169.01,27.395792349726747,63.56672131147538,0.6154098360655738,730.3399999999996,0.30925,0.197165,0.0714130866674198,0.0433475705019445,20
53,2001,1,Andhra Pradesh,Kadapa YSR,139.99,78.52,560.9,27.72621917808219,62.1394520547945,0.6305753424657532,756.3699999999993,0.2721913043478261,0.1718478260869565,0.0664307083498114,0.0436726861755326,23
53,2002,1,Andhra Pradesh,Kadapa YSR,106.0,37.0,349.06,27.73315068493151,62.45073972602738,0.611753424657534,624.65,0.2586695652173913,0.1618913043478261,0.0512408611344732,0.0369460160608258,23
53,2003,1,Andhra Pradesh,Kadapa YSR,129.4,55.14,426.12,28.32263013698629,59.836630136986265,0.6006849315068499,572.0599999999997,0.2607217391304348,0.1737086956521739,0.0526978605441326,0.0472636503903511,23
53,2004,1,Andhra Pradesh,Kadapa YSR,218.94,154.83,707.18,27.09095628415301,64.9068852459016,0.6187431693989066,709.3,0.2877826086956522,0.1817521739130434,0.046529254259834,0.0430414691110922,23
53,2005,1,Andhra Pradesh,Kadapa YSR,207.32,59.37,286.37,27.287589041095888,66.62668493150686,0.6579452054794518,1004.6799999999996,0.2747826086956522,0.1737086956521739,0.0598337063123052,0.0399408302486142,23
53,2006,1,Andhra Pradesh,Kadapa YSR,62.61,45.63,728.8,27.26863013698629,64.76271232876711,0.6249315068493145,724.81,0.2640260869565217,0.1648608695652174,0.0451061598030015,0.0359459915470473,23
53,2007,1,Andhra Pradesh,Kadapa YSR,172.76,310.42,1796.83,26.870109589041107,67.15287671232879,0.6579452054794523,1000.2,0.2703478260869565,0.1680260869565217,0.0510226854142103,0.0353347654891597,23
53,2008,1,Andhra Pradesh,Kadapa YSR,141.01,64.37,456.49,27.134180327868865,65.13524590163931,0.6276775956284144,781.4699999999997,0.2788869565217391,0.1753304347826087,0.0550265828680501,0.0395880771167579,23
53,2009,1,Andhra Pradesh,Kadapa YSR,130.12,95.68,735.32,27.79890410958904,62.32753424657529,0.6237808219178075,737.97,0.2927086956521739,0.1886608695652173,0.0353287021227201,0.0348027263708728,23
53,2010,1,Andhra Pradesh,Kadapa YSR,160.6,138.88,864.76,27.56816438356164,66.92701369863013,0.6485753424657531,911.3399999999996,0.2951869565217391,0.1801173913043478,0.0741249148664102,0.0444269231657593,23
53,2011,1,Andhra Pradesh,Kadapa YSR,57.06,60.52,1060.64,27.34145205479449,63.62989041095889,0.6102739726027391,669.6199999999997,0.2860913043478261,0.1864478260869565,0.0438764371745295,0.032418048698571,23
53,2012,1,Andhra Pradesh,Kadapa YSR,64.57,43.09,667.34,28.025737704918036,59.43054644808748,0.5940437158469948,578.6199999999999,0.2937391304347826,0.1850739130434782,0.0479299748604,0.0323018183753752,23
53,2013,1,Andhra Pradesh,Kadapa YSR,59.51,80.68,1355.74,27.471589041095907,63.925123287671205,0.6182465753424659,698.8399999999999,0.3046434782608695,0.1976521739130435,0.0783125836056258,0.0430318367297053,23
53,2014,1,Andhra Pradesh,Kadapa YSR,27.34,22.4,819.31,27.782712328767104,61.08378082191784,0.5973424657534233,583.68,0.3187608695652174,0.2027391304347826,0.0438754201133,0.0346286368504245,23
53,2015,1,Andhra Pradesh,Kadapa YSR,50.66,83.64,1651.01,27.23358904109589,65.45279452054795,0.6375890410958897,1038.63,0.3133826086956522,0.2062434782608695,0.0361727251866766,0.0309326956484405,23
53,2016,1,Andhra Pradesh,Kadapa YSR,65.41,65.55,1002.06,27.807841530054645,60.87308743169401,0.6064754098360661,500.1700000000002,0.3146478260869565,0.1955521739130434,0.0438657546028501,0.0297376386781162,23
53,2017,1,Andhra Pradesh,Kadapa YSR,44.37,71.66,1614.99,27.67402739726026,63.20882191780824,0.6467397260273975,872.8199999999995,0.3339608695652174,0.2090304347826087,0.0515963682577689,0.0294726134014522,23
48,2000,1,Andhra Pradesh,Krishna,8.92,16.4,1838.56,27.751338797814203,76.9643442622951,0.5098087431693992,1115.1299999999992,0.295055,0.163435,0.0514321881090452,0.0351195743140488,20
48,2001,1,Andhra Pradesh,Krishna,6.48,12.03,1856.48,28.08838356164383,75.44564383561641,0.4723287671232875,966.5,0.3010652173913044,0.1711869565217391,0.0822553762194061,0.0508577186807186,23
48,2002,1,Andhra Pradesh,Krishna,4.0,7.0,1750.0,28.213643835616416,74.69572602739724,0.449698630136986,841.3799999999999,0.2856695652173913,0.1604869565217391,0.0353686871628076,0.0230848495052456,23
48,2003,1,Andhra Pradesh,Krishna,7.59,12.07,1590.25,28.020630136986316,76.50421917808221,0.4587397260273975,937.3200000000002,0.2841304347826087,0.1528130434782608,0.0706891044374308,0.0415149513521424,23
48,2004,1,Andhra Pradesh,Krishna,9.66,22.68,2347.83,27.79967213114753,76.00207650273224,0.4655464480874314,841.9600000000004,0.2947782608695652,0.1623478260869565,0.053252152807714,0.0293247160656674,23
48,2005,1,Andhra Pradesh,Krishna,6.63,13.82,2084.46,27.945123287671223,77.43441095890415,0.5209589041095889,1268.9799999999996,0.2926739130434783,0.1693478260869565,0.0550646662602774,0.0377941899041881,23
48,2006,1,Andhra Pradesh,Krishna,6.28,15.73,2504.78,27.94852054794521,75.99320547945204,0.5163287671232873,1552.8199999999993,0.2934521739130435,0.1697217391304348,0.0304020912792228,0.0270974328962213,23
48,2007,1,Andhra Pradesh,Krishna,8.37,19.71,2354.84,27.64679452054795,77.50739726027398,0.5531506849315072,1172.6899999999994,0.2926434782608695,0.1693826086956522,0.0481488962026503,0.0334312408625921,23
48,2008,1,Andhra Pradesh,Krishna,8.17,20.39,2495.72,27.98286885245902,75.98177595628407,0.532841530054645,1232.6999999999998,0.3079,0.1666260869565217,0.0540202571432067,0.0262032131511889,23
48,2009,1,Andhra Pradesh,Krishna,5.52,10.91,1976.45,28.30331506849316,74.77920547945196,0.4479999999999995,800.3299999999997,0.2921652173913043,0.1666652173913043,0.0382960787061648,0.0244156359866461,23
48,2010,1,Andhra Pradesh,Krishna,4.11,8.54,2077.86,28.034246575342465,78.3143287671233,0.6096712328767122,1981.68,0.3245217391304348,0.1804826086956522,0.0900847830784561,0.0424892783499974,23
48,2011,1,Andhra Pradesh,Krishna,4.23,8.71,2059.1,28.024986301369864,74.6517260273973,0.4697808219178079,788.7199999999999,0.3312304347826087,0.1917739130434782,0.0403070875200358,0.0343884919623795,23
48,2012,1,Andhra Pradesh,Krishna,4.82,11.58,2402.49,27.919180327868844,75.97554644808743,0.5246994535519125,1313.5400000000002,0.3161,0.1696,0.0567205910983432,0.0348988798986703,23
48,2013,1,Andhra Pradesh,Krishna,4.03,7.48,1856.08,27.79958904109587,76.36630136986301,0.5176164383561644,1280.9999999999989,0.3243304347826087,0.1827521739130435,0.070877598940854,0.0349263493858565,23
48,2014,1,Andhra Pradesh,Krishna,1.84,4.54,2467.39,28.09361643835619,74.10791780821917,0.4580273972602737,791.6099999999996,0.3362869565217391,0.1879478260869565,0.0528736255299354,0.0270602672426032,23
48,2015,1,Andhra Pradesh,Krishna,1.87,6.33,3385.03,28.049945205479435,75.49057534246569,0.4722465753424656,1009.8499999999996,0.3391217391304348,0.1814826086956522,0.0394209676155601,0.0298689661411291,23
48,2016,1,Andhra Pradesh,Krishna,1.61,6.12,3801.86,28.13868852459019,75.06530054644809,0.5235245901639345,1214.0,0.315204347826087,0.1727391304347826,0.0458296596922766,0.0304370847237742,23
48,2017,1,Andhra Pradesh,Krishna,1.85,5.65,3049.08,28.09504109589041,76.4486575342466,0.4906575342465752,955.53,0.3331695652173913,0.1842260869565217,0.0597058504426082,0.0299385615946346,23
51,2000,1,Andhra Pradesh,Kurnool,243.56,268.46,1102.22,26.902021857923472,61.35669398907103,0.6603005464480877,820.4399999999996,0.2274,0.142385,0.0664562618331945,0.0436641521641097,20
51,2001,1,Andhra Pradesh,Kurnool,210.27,220.41,1048.21,27.377506849315072,58.71375342465752,0.640301369863013,690.0399999999994,0.2108869565217391,0.1294608695652174,0.0744796085842404,0.0426357483289917,23
51,2002,1,Andhra Pradesh,Kurnool,188.12,124.28,660.64,27.52542465753425,59.42808219178082,0.6279452054794518,702.1299999999997,0.2311608695652174,0.1406695652173913,0.0486683557741058,0.0304290297216715,23
51,2003,1,Andhra Pradesh,Kurnool,190.61,197.8,1037.7,27.880684931506845,58.29000000000006,0.6283013698630131,621.7399999999997,0.2238608695652174,0.1412434782608695,0.0424438852982321,0.0294786490699309,23
51,2004,1,Andhra Pradesh,Kurnool,202.63,209.63,1034.53,26.907185792349697,61.09601092896175,0.6241530054644812,631.7199999999995,0.2227826086956522,0.1383217391304347,0.0503201807715888,0.0367689834275098,23
51,2005,1,Andhra Pradesh,Kurnool,253.08,300.75,1188.35,26.48679452054792,66.0813424657534,0.6981095890410963,1078.1499999999992,0.2288869565217391,0.1398782608695652,0.0527472128031237,0.038726523170018,23
51,2006,1,Andhra Pradesh,Kurnool,211.76,162.22,766.05,26.75663013698631,63.6494520547945,0.6486849315068491,810.0400000000003,0.238495652173913,0.1488478260869565,0.0360731136123803,0.0300348868297763,23
51,2007,1,Andhra Pradesh,Kurnool,238.54,335.38,1405.98,26.678082191780845,63.51638356164384,0.6753698630136986,1147.2199999999998,0.2200130434782609,0.1366869565217391,0.0542509095386496,0.0299866379992493,23
51,2008,1,Andhra Pradesh,Kurnool,247.67,179.21,723.59,26.81901639344261,62.03390710382513,0.6439344262295088,769.5799999999997,0.2421086956521739,0.1484391304347826,0.0511967942270845,0.0332606748295727,23
51,2009,1,Andhra Pradesh,Kurnool,192.57,127.09,659.96,27.55205479452056,59.94232876712329,0.6413698630136984,781.4599999999997,0.2423391304347826,0.1477217391304348,0.0883956484898253,0.0472936374398553,23
51,2010,1,Andhra Pradesh,Kurnool,180.21,153.28,850.59,27.43789041095888,63.83016438356166,0.6741369863013699,894.5599999999994,0.2553608695652174,0.1559,0.0752596882264121,0.0399718992202363,23
51,2011,1,Andhra Pradesh,Kurnool,102.32,49.26,481.38,27.651972602739715,57.03306849315072,0.6083561643835623,452.30999999999983,0.2323782608695652,0.1407043478260869,0.0513023210224692,0.0329123281442306,23
51,2012,1,Andhra Pradesh,Kurnool,142.52,136.06,954.64,27.67202185792351,56.78620218579239,0.621830601092895,630.3699999999999,0.2246608695652174,0.1346130434782609,0.0550304026642664,0.0350146502370835,23
51,2013,1,Andhra Pradesh,Kurnool,168.87,173.52,1027.54,26.95564383561643,62.446465753424654,0.6496712328767125,761.3900000000001,0.2372347826086956,0.1459434782608695,0.0361902248064515,0.0242916152029864,23
51,2014,1,Andhra Pradesh,Kurnool,108.69,101.32,932.2,27.132931506849285,60.48871232876712,0.6383561643835612,724.02,0.2542,0.1533521739130434,0.0398158488316125,0.0239701494205002,23
51,2015,1,Andhra Pradesh,Kurnool,87.96,97.49,1108.39,27.629726027397272,57.952767123287735,0.6106575342465751,541.5999999999997,0.2330260869565217,0.1475260869565217,0.0384836236409404,0.0271902592416559,23
51,2016,1,Andhra Pradesh,Kurnool,131.95,138.16,1047.1,27.52478142076504,57.78928961748637,0.6304918032786889,627.53,0.2210913043478261,0.1453043478260869,0.0438019189393204,0.041440466370016,23
51,2017,1,Andhra Pradesh,Kurnool,100.79,153.79,1525.75,27.44035616438359,58.490602739726064,0.6442191780821913,701.3799999999998,0.2478043478260869,0.1405217391304347,0.060422410639678,0.0273318820913622,23
50,2000,1,Andhra Pradesh,S.P.S. Nellore,16.22,25.23,1555.27,28.074426229508205,70.65040983606556,0.4756830601092897,1031.989999999999,0.40809,0.269615,0.0599714747982212,0.050427000651802,20
50,2001,1,Andhra Pradesh,S.P.S. Nellore,12.18,26.06,2138.32,28.63221917808217,68.22753424657527,0.4834246575342468,1026.0299999999995,0.3555217391304348,0.2276478260869565,0.0930050387516804,0.0573620152236114,23
50,2002,1,Andhra Pradesh,S.P.S. Nellore,12.66,25.04,1977.88,28.41293150684934,69.52375342465754,0.5103287671232873,953.4499999999996,0.371491304347826,0.2419130434782608,0.0832835731540875,0.0498095856450782,23
50,2003,1,Andhra Pradesh,S.P.S. Nellore,16.87,32.51,1926.95,28.47002739726028,69.45860273972596,0.4657808219178083,841.6299999999998,0.3751869565217391,0.2414565217391304,0.0445226224861415,0.029755088580656,23
50,2004,1,Andhra Pradesh,S.P.S. Nellore,14.96,35.58,2378.56,28.03196721311476,70.19732240437156,0.4950000000000006,1063.29,0.3425913043478261,0.2285173913043478,0.0652534144912494,0.0401225016460828,23
50,2005,1,Andhra Pradesh,S.P.S. Nellore,17.08,37.59,2201.21,28.36213698630134,70.95391780821922,0.5107945205479449,1313.2699999999998,0.3155478260869565,0.2035391304347826,0.0437750018905063,0.0273231959253144,23
50,2006,1,Andhra Pradesh,S.P.S. Nellore,13.09,33.14,2532.69,28.195863013698645,69.71619178082192,0.522630136986301,1019.4499999999996,0.3561652173913043,0.2276782608695652,0.0421514435069941,0.0307038634898212,23
50,2007,1,Andhra Pradesh,S.P.S. Nellore,15.31,34.41,2247.27,27.82167123287669,72.05326027397264,0.5331780821917809,1218.9699999999991,0.3639391304347826,0.2436217391304347,0.0375862128873006,0.0383692224732477,23
50,2008,1,Andhra Pradesh,S.P.S. Nellore,16.29,43.53,2672.95,28.289863387978134,69.34844262295083,0.4897267759562833,939.5099999999996,0.3361043478260869,0.2076,0.0556877779822538,0.0362499404388225,23
50,2009,1,Andhra Pradesh,S.P.S. Nellore,12.46,35.56,2854.02,28.581260273972607,68.47517808219175,0.4878356164383565,993.2099999999996,0.3226695652173913,0.2086434782608695,0.041833723181865,0.0255088010852396,23
50,2010,1,Andhra Pradesh,S.P.S. Nellore,13.4,29.37,2191.53,28.142027397260275,73.90164383561647,0.5541095890410965,1289.1999999999996,0.3233782608695652,0.2060565217391304,0.0579323818737432,0.0355426098454306,23
50,2011,1,Andhra Pradesh,S.P.S. Nellore,13.79,35.52,2576.63,28.24443835616439,69.14052054794516,0.499808219178082,1013.9199999999996,0.2930260869565217,0.182504347826087,0.0635283488430115,0.0378492281446563,23
50,2012,1,Andhra Pradesh,S.P.S. Nellore,17.41,49.66,2851.93,28.543169398907096,67.53857923497273,0.4580874316939899,773.4000000000003,0.2876,0.1849521739130434,0.0424996898384404,0.029149035062233,23
50,2013,1,Andhra Pradesh,S.P.S. Nellore,17.68,52.07,2945.9,28.10704109589044,70.63597260273973,0.4833972602739731,954.1200000000003,0.3086,0.1991086956521739,0.0631543635575851,0.0379278131699905,23
50,2014,1,Andhra Pradesh,S.P.S. Nellore,10.34,32.24,3118.16,28.46046575342467,67.6087945205479,0.4317260273972608,755.3200000000003,0.313604347826087,0.1888,0.099370315113175,0.0282332492575042,23
50,2015,1,Andhra Pradesh,S.P.S. Nellore,13.04,42.48,3257.72,28.238109589041105,70.2987397260274,0.5041643835616441,1428.4999999999998,0.3062043478260869,0.2001,0.0585473349930004,0.0345024900287184,23
50,2016,1,Andhra Pradesh,S.P.S. Nellore,17.91,51.16,2857.1,28.502377049180325,67.73434426229511,0.4667759562841517,632.4599999999996,0.3012608695652174,0.1943521739130435,0.0365842457291813,0.0274440069557373,23
50,2017,1,Andhra Pradesh,S.P.S. Nellore,13.69,46.4,3388.92,28.44931506849313,69.92049315068496,0.4824109589041095,941.299999999999,0.2995130434782608,0.1973,0.0497031579785779,0.0405097855742625,23
44,2000,1,Andhra Pradesh,Srikakulam,69.95,65.5,936.45,27.09838797814208,69.13975409836073,0.4872404371584697,938.0900000000004,0.38014,0.230315,0.0854533261340272,0.0501955782808343,20
44,2001,1,Andhra Pradesh,Srikakulam,61.77,49.26,797.46,27.18035616438357,70.35926027397264,0.5104109589041094,1048.7599999999993,0.3422391304347826,0.208795652173913,0.092805812607589,0.0624289594678395,23
44,2002,1,Andhra Pradesh,Srikakulam,53.0,41.0,773.58,27.445315068493176,68.53405479452054,0.472301369863013,760.5500000000001,0.3748173913043479,0.2357869565217391,0.0522509995743788,0.0499936841860851,23
44,2003,1,Andhra Pradesh,Srikakulam,57.04,54.94,963.18,27.13394520547944,72.11991780821921,0.5567397260273974,1358.62,0.3370217391304347,0.2031434782608695,0.0536184242123895,0.0278155095076462,23
44,2004,1,Andhra Pradesh,Srikakulam,62.19,54.9,882.71,26.51177595628416,72.66740437158467,0.5563661202185791,1017.01,0.3531695652173913,0.2112043478260869,0.0484136103589082,0.0407962284159262,23
44,2005,1,Andhra Pradesh,Srikakulam,55.82,61.29,1097.81,27.145369863013716,71.84726027397267,0.5593424657534248,1617.239999999999,0.3483695652173914,0.2099565217391304,0.0510108405126045,0.0429567417302459,23
44,2006,1,Andhra Pradesh,Srikakulam,55.05,51.33,932.52,26.622986301369867,73.48095890410961,0.6110958904109591,1457.0900000000006,0.3505434782608695,0.2118,0.054785671866805,0.0405897322439599,23
44,2007,1,Andhra Pradesh,Srikakulam,48.74,62.27,1277.6,26.619287671232883,73.98736986301368,0.5898356164383558,1306.669999999999,0.3506782608695652,0.2084173913043478,0.0524364546728335,0.0317660146035738,23
44,2008,1,Andhra Pradesh,Srikakulam,48.95,50.82,1038.1,26.67655737704918,72.55942622950815,0.538032786885246,1152.81,0.3530608695652174,0.213204347826087,0.0390658620924672,0.040335237000339,23
44,2009,1,Andhra Pradesh,Srikakulam,43.97,50.26,1142.92,27.655479452054795,68.0195890410959,0.4714520547945207,831.21,0.3302,0.2000043478260869,0.0596334408929023,0.034173667138481,23
44,2010,1,Andhra Pradesh,Srikakulam,39.78,50.84,1278.03,27.23684931506849,73.66120547945212,0.6372328767123289,1801.7499999999984,0.3566739130434783,0.2092782608695652,0.0683877927530086,0.0381070138679069,23
44,2011,1,Andhra Pradesh,Srikakulam,31.06,41.76,1344.49,26.76312328767122,70.7358904109589,0.5154520547945195,878.9099999999997,0.3472086956521739,0.2064260869565217,0.0503289354062892,0.0398742251835956,23
44,2012,1,Andhra Pradesh,Srikakulam,21.43,30.38,1417.74,26.932377049180364,71.9377049180328,0.5783879781420768,1433.7700000000002,0.3497652173913044,0.2065739130434782,0.0620080831145545,0.0412424452298545,23
44,2013,1,Andhra Pradesh,Srikakulam,21.67,30.1,1389.34,26.935452054794503,72.0199452054795,0.5443835616438356,1423.1899999999996,0.3610173913043478,0.2010565217391304,0.0951769053928425,0.0348505879184393,23
44,2014,1,Andhra Pradesh,Srikakulam,12.84,18.96,1476.64,26.88471232876712,70.99232876712327,0.5727671232876717,1254.4799999999989,0.330195652173913,0.2035478260869565,0.0490622654320819,0.0433871877775122,23
44,2015,1,Andhra Pradesh,Srikakulam,11.36,15.67,1378.96,26.84482191780824,73.21268493150689,0.6056164383561643,1475.13,0.3366521739130435,0.208395652173913,0.0542388645426641,0.0347985694358634,23
44,2016,1,Andhra Pradesh,Srikakulam,9.06,15.74,1738.01,26.87456284153002,72.62907103825134,0.6012295081967214,1349.2399999999998,0.3317391304347826,0.1920565217391304,0.0466360837581844,0.0290844823681719,23
44,2017,1,Andhra Pradesh,Srikakulam,8.73,15.3,1752.74,26.884438356164377,73.55999999999995,0.593095890410959,1316.7000000000005,0.328795652173913,0.1927086956521739,0.0758820165439915,0.043860200565842,23
45,2000,1,Andhra Pradesh,Visakhapatnam,50.11,50.83,1014.47,27.51300546448087,74.21770491803278,0.3650273224043716,879.5499999999996,0.5024150000000001,0.303945,0.0805406290083001,0.0621681884720372,20
45,2001,1,Andhra Pradesh,Visakhapatnam,40.8,40.45,991.67,27.62961643835617,74.41210958904107,0.378821917808219,987.8699999999998,0.4664043478260869,0.2710695652173913,0.1607240109862552,0.0984032124142232,23
45,2002,1,Andhra Pradesh,Visakhapatnam,31.0,26.0,838.71,27.84887671232877,72.93309589041101,0.3602465753424659,769.0099999999999,0.5249086956521739,0.3190217391304348,0.0534018037918321,0.0635443507003482,23
45,2003,1,Andhra Pradesh,Visakhapatnam,34.38,34.56,1005.24,27.396739726027413,76.80435616438356,0.424493150684932,1251.779999999999,0.4931,0.2799521739130435,0.0894199896301411,0.0670149363918577,23
45,2004,1,Andhra Pradesh,Visakhapatnam,33.47,30.74,918.3,27.113524590163927,76.5710382513661,0.4337158469945351,986.62,0.5199217391304348,0.2993478260869565,0.0579278230882797,0.0553354224013155,23
45,2005,1,Andhra Pradesh,Visakhapatnam,27.1,27.94,1030.99,27.52591780821914,76.52789041095892,0.4620821917808224,1565.1999999999998,0.4873217391304348,0.2882,0.0978653711461067,0.0685785084277998,23
45,2006,1,Andhra Pradesh,Visakhapatnam,26.33,26.67,1013.1,27.228219178082195,76.85260273972602,0.5009315068493151,1402.3799999999992,0.5162695652173913,0.3021043478260869,0.066478871795909,0.0547427245332936,23
45,2007,1,Andhra Pradesh,Visakhapatnam,23.32,29.5,1265.01,27.181123287671237,77.32813698630137,0.4690410958904106,1244.1499999999994,0.5228652173913043,0.2925130434782609,0.0810480026600154,0.0620972939268973,23
45,2008,1,Andhra Pradesh,Visakhapatnam,23.45,26.2,1117.03,27.34174863387978,76.11079234972678,0.4233606557377048,1118.0399999999993,0.4962608695652173,0.2942913043478261,0.1017569686652308,0.079851276036047,23
45,2009,1,Andhra Pradesh,Visakhapatnam,19.22,21.04,1094.98,27.95808219178081,73.29326027397265,0.3544657534246578,833.8499999999997,0.5003608695652174,0.2892652173913043,0.0879831013688549,0.067206551416954,23
45,2010,1,Andhra Pradesh,Visakhapatnam,17.23,19.8,1149.16,27.57761643835616,78.04361643835618,0.5324109589041098,1886.4099999999985,0.5108086956521739,0.3074304347826087,0.120857827493312,0.0918814969739066,23
45,2011,1,Andhra Pradesh,Visakhapatnam,12.49,16.01,1281.83,27.31684931506848,75.05720547945205,0.4228767123287671,895.39,0.5309,0.3180391304347826,0.1062093772610583,0.0781098744725568,23
45,2012,1,Andhra Pradesh,Visakhapatnam,9.25,11.44,1237.97,27.42887978142074,75.74540983606562,0.4299180327868853,1293.03,0.5129869565217391,0.2953478260869565,0.0918177805336983,0.0655292916430591,23
45,2013,1,Andhra Pradesh,Visakhapatnam,8.25,11.02,1336.57,27.40032876712329,75.47827397260282,0.4438630136986299,1414.5599999999995,0.5526652173913044,0.3098695652173913,0.0888593250270829,0.0606526806331277,23
45,2014,1,Andhra Pradesh,Visakhapatnam,6.24,9.59,1536.86,27.401260273972607,74.89843835616435,0.4427397260273971,1184.8799999999997,0.5141130434782609,0.2918521739130434,0.0758719274013052,0.0710137366325264,23
45,2015,1,Andhra Pradesh,Visakhapatnam,5.21,7.43,1425.14,27.331726027397256,76.95649315068499,0.4875068493150683,1438.9799999999998,0.5175913043478261,0.3072652173913043,0.123395767251126,0.0934244157725944,23
45,2016,1,Andhra Pradesh,Visakhapatnam,4.66,6.53,1401.44,27.481830601092923,75.89079234972677,0.4912021857923498,1349.2600000000002,0.5535130434782609,0.3381478260869565,0.1186708101673311,0.1069486192250755,23
45,2017,1,Andhra Pradesh,Visakhapatnam,3.8,5.54,1457.06,27.33427397260272,77.93863013698629,0.4817808219178084,1296.1699999999994,0.5622304347826087,0.3346565217391304,0.1405872276455976,0.1023508663465885,23
47,2000,1,Andhra Pradesh,West Godavari,4.14,7.45,1799.52,27.729863387978146,73.15524590163932,0.6236612021857922,1038.85,0.350575,0.195145,0.1140010428160984,0.0754163564208022,20
47,2001,1,Andhra Pradesh,West Godavari,3.37,7.36,2183.98,27.96958904109589,72.09443835616437,0.5997534246575342,942.97,0.3160130434782608,0.1837,0.0790063248581335,0.0478367964114351,23
47,2002,1,Andhra Pradesh,West Godavari,3.0,5.0,1666.67,28.36687671232877,69.93301369863018,0.5775342465753427,796.1100000000001,0.3314130434782609,0.1921173913043478,0.0496285044958844,0.0382351534130796,23
47,2003,1,Andhra Pradesh,West Godavari,3.11,5.79,1861.74,28.069041095890384,72.52273972602744,0.5984657534246579,959.1399999999998,0.3404739130434783,0.1851434782608695,0.0578202954096986,0.0384090759407787,23
47,2004,1,Andhra Pradesh,West Godavari,3.92,8.38,2137.76,27.616721311475438,73.17229508196719,0.5988251366120223,844.0199999999998,0.3304,0.1879826086956521,0.0426245661134941,0.0354322227790918,23
47,2005,1,Andhra Pradesh,West Godavari,4.39,14.38,3275.63,27.909945205479413,73.74013698630131,0.6377534246575342,1292.63,0.3346260869565217,0.1967869565217391,0.0538134928787407,0.0370124463629567,23
47,2006,1,Andhra Pradesh,West Godavari,4.76,9.51,1997.9,27.73410958904108,73.47939726027393,0.6351506849315068,1499.0699999999997,0.3578434782608695,0.2022130434782608,0.0330579357284224,0.0292516402702143,23
47,2007,1,Andhra Pradesh,West Godavari,5.81,13.61,2342.51,27.539589041095923,74.50315068493148,0.6659178082191777,1149.0500000000002,0.3681260869565217,0.2071260869565217,0.0709026555304159,0.0387148693232893,23
47,2008,1,Andhra Pradesh,West Godavari,10.69,19.99,1869.97,27.78133879781424,73.38103825136612,0.6438524590163932,1201.22,0.3476043478260869,0.1998217391304348,0.0502486949469687,0.0303698558161294,23
47,2009,1,Andhra Pradesh,West Godavari,6.19,13.38,2161.55,28.37961643835616,70.72180821917817,0.5750410958904107,785.2600000000003,0.3421,0.1934086956521739,0.0360077264435893,0.0270290737917437,23
47,2010,1,Andhra Pradesh,West Godavari,5.88,11.95,2032.31,27.807890410958912,76.20649315068486,0.7126575342465747,1906.39,0.3772,0.2096130434782608,0.0718601229662688,0.0399872400596606,23
47,2011,1,Andhra Pradesh,West Godavari,6.48,14.39,2220.68,27.819287671232864,71.73191780821911,0.601041095890411,832.4699999999998,0.3612913043478261,0.2029478260869565,0.0439313194661795,0.0348236449134677,23
47,2012,1,Andhra Pradesh,West Godavari,6.45,17.23,2671.32,27.739071038251343,73.5293989071039,0.6542896174863385,1386.0999999999997,0.356895652173913,0.1996565217391304,0.052594274474603,0.031762038892749,23
47,2013,1,Andhra Pradesh,West Godavari,4.32,11.36,2629.63,27.567095890410982,74.06728767123288,0.6361369863013696,1320.96,0.365,0.2072043478260869,0.0427477059458909,0.034821172742259,23
47,2014,1,Andhra Pradesh,West Godavari,2.37,5.98,2523.21,28.10863013698631,69.91139726027397,0.5820547945205479,791.6000000000001,0.3713347826086957,0.2083217391304348,0.0545574226988546,0.0488257193450871,23
47,2015,1,Andhra Pradesh,West Godavari,3.67,11.81,3217.98,27.940575342465767,72.25230136986306,0.604246575342465,986.4299999999998,0.3843826086956521,0.2054826086956522,0.0694819639918022,0.0465873924827299,23
47,2016,1,Andhra Pradesh,West Godavari,4.08,13.8,3379.04,27.993524590163943,71.87928961748639,0.6265300546448079,1054.6,0.3910826086956522,0.2157695652173913,0.0936914794426798,0.0633493089205514,23
47,2017,1,Andhra Pradesh,West Godavari,2.65,9.15,3448.17,28.059643835616438,72.85465753424654,0.6256986301369867,971.3499999999996,0.3586217391304348,0.2008304347826087,0.0849131425555321,0.0460208691275699,23
