Dist Code,Year,State Code,State Name,Dist Name,Groundnut Area,Groundnut Production,Groundnut Yield
53,2000,1,Andhra Pradesh,Kadapa YSR,176.85,206.74,1169.01
53,2001,1,Andhra Pradesh,Kadapa YSR,139.99,78.52,560.9
53,2002,1,Andhra Pradesh,Kadapa YSR,106.0,37.0,349.06
53,2003,1,Andhra Pradesh,Kadapa YSR,129.4,55.14,426.12
53,2004,1,Andhra Pradesh,Kadapa YSR,218.94,154.83,707.18
53,2005,1,Andhra Pradesh,Kadapa YSR,207.32,59.37,286.37
53,2006,1,Andhra Pradesh,Kadapa YSR,62.61,45.63,728.8
53,2007,1,Andhra Pradesh,Kadapa YSR,172.76,310.42,1796.83
53,2008,1,Andhra Pradesh,Kadapa YSR,141.01,64.37,456.49
53,2009,1,Andhra Pradesh,Kadapa YSR,130.12,95.68,735.32
53,2010,1,Andhra Pradesh,Kadapa YSR,160.6,138.88,864.76
53,2011,1,Andhra Pradesh,Kadapa YSR,57.06,60.52,1060.64
53,2012,1,Andhra Pradesh,Kadapa YSR,64.57,43.09,667.34
53,2013,1,Andhra Pradesh,Kadapa YSR,59.51,80.68,1355.74
53,2014,1,Andhra Pradesh,Kadapa YSR,27.34,22.4,819.31
53,2015,1,Andhra Pradesh,Kadapa YSR,50.66,83.64,1651.01
53,2016,1,Andhra Pradesh,Kadapa YSR,65.41,65.55,1002.06
53,2017,1,Andhra Pradesh,Kadapa YSR,44.37,71.66,1614.99
