date,year,modis_date,ndvi,evi,vi_quality,modland_qa,vi_usefulness
2000-02-18,2000,A2000049,0.27030000000000004,0.1756,2116,0,1
2000-03-05,2000,A2000065,0.2737,0.15710000000000002,2116,0,1
2000-03-21,2000,A2000081,0.2776,0.1897,2116,0,1
2000-04-06,2000,A2000097,0.29460000000000003,0.1806,2116,0,1
2000-04-22,2000,A2000113,0.23500000000000001,0.14880000000000002,2116,0,1
2000-05-08,2000,A2000129,0.2546,0.1635,2116,0,1
2000-05-24,2000,A2000145,0.2561,0.1675,2376,0,2
2000-06-09,2000,A2000161,0.2816,0.1869,2376,0,2
2000-07-11,2000,A2000193,0.32080000000000003,0.21580000000000002,2376,0,2
2000-07-27,2000,A2000209,0.3622,0.22060000000000002,2116,0,1
2000-09-13,2000,A2000257,0.37110000000000004,0.2489,2116,0,1
2000-09-29,2000,A2000273,0.33390000000000003,0.20950000000000002,35152,0,4
2000-10-15,2000,A2000289,0.444,0.2889,2116,0,1
2000-10-31,2000,A2000305,0.33790000000000003,0.21150000000000002,2116,0,1
2000-11-16,2000,A2000321,0.38780000000000003,0.2386,2116,0,1
2000-12-02,2000,A2000337,0.3215,0.1631,2116,0,1
2000-12-18,2000,A2000353,0.32330000000000003,0.1831,2185,1,2
2001-01-01,2001,A2001001,0.3242,0.1832,2116,0,1
2001-01-17,2001,A2001017,0.3062,0.1676,2116,0,1
2001-02-02,2001,A2001033,0.2917,0.1704,2116,0,1
2001-02-18,2001,A2001049,0.31420000000000003,0.1821,2116,0,1
2001-03-06,2001,A2001065,0.2853,0.1716,2185,1,2
2001-03-22,2001,A2001081,0.29960000000000003,0.191,2116,0,1
2001-04-07,2001,A2001097,0.2728,0.1698,2116,0,1
2001-04-23,2001,A2001113,0.27240000000000003,0.17270000000000002,2116,0,1
2001-05-09,2001,A2001129,0.26330000000000003,0.1774,2116,0,1
2001-05-25,2001,A2001145,0.28290000000000004,0.192,2120,0,2
2001-08-13,2001,A2001225,0.2745,0.22240000000000001,2445,1,3
2001-08-29,2001,A2001241,0.3225,0.2464,2445,1,3
2001-10-16,2001,A2001289,0.2242,0.114,2116,0,1
2001-11-01,2001,A2001305,0.36110000000000003,0.1897,2189,1,3
2001-11-17,2001,A2001321,0.2732,0.1569,2185,1,2
2001-12-03,2001,A2001337,0.2959,0.16340000000000002,2116,0,1
2001-12-19,2001,A2001353,0.2701,0.1433,35221,1,5
2002-01-01,2002,A2002001,0.2619,0.15360000000000001,2116,0,1
2002-01-17,2002,A2002017,0.2358,0.1252,2116,0,1
2002-02-02,2002,A2002033,0.2766,0.1834,2185,1,2
2002-02-18,2002,A2002049,0.253,0.14800000000000002,2116,0,1
2002-03-06,2002,A2002065,0.23920000000000002,0.1391,2116,0,1
2002-03-22,2002,A2002081,0.2813,0.16920000000000002,2116,0,1
2002-04-07,2002,A2002097,0.2175,0.1359,2116,0,1
2002-04-23,2002,A2002113,0.2151,0.1232,2116,0,1
2002-05-09,2002,A2002129,0.2596,0.1522,2120,0,2
2002-05-25,2002,A2002145,0.20520000000000002,0.1311,2116,0,1
2002-09-14,2002,A2002257,0.2464,0.1777,2116,0,1
2002-09-30,2002,A2002273,0.24550000000000002,0.1416,2116,0,1
2002-11-01,2002,A2002305,0.4116,0.2763,2185,1,2
2002-11-17,2002,A2002321,0.3256,0.18510000000000001,2116,0,1
2002-12-03,2002,A2002337,0.2939,0.1706,2116,0,1
2002-12-19,2002,A2002353,0.25670000000000004,0.1521,2116,0,1
2003-01-01,2003,A2003001,0.24200000000000002,0.14980000000000002,2116,0,1
2003-01-17,2003,A2003017,0.2449,0.14780000000000001,2116,0,1
2003-02-02,2003,A2003033,0.24300000000000002,0.1443,2116,0,1
2003-02-18,2003,A2003049,0.22060000000000002,0.1313,2116,0,1
2003-03-06,2003,A2003065,0.2731,0.1759,2116,0,1
2003-03-22,2003,A2003081,0.25420000000000004,0.1577,2116,0,1
2003-04-07,2003,A2003097,0.2184,0.1522,2116,0,1
2003-04-23,2003,A2003113,0.23020000000000002,0.1428,2116,0,1
2003-05-09,2003,A2003129,0.196,0.1283,2116,0,1
2003-05-25,2003,A2003145,0.19940000000000002,0.12290000000000001,2116,0,1
2003-06-10,2003,A2003161,0.20650000000000002,0.13240000000000002,2116,0,1
2003-08-29,2003,A2003241,0.2712,0.19920000000000002,2376,0,2
2003-09-14,2003,A2003257,0.27590000000000003,0.1883,2120,0,2
2003-09-30,2003,A2003273,0.3574,0.2728,2116,0,1
2003-10-16,2003,A2003289,0.36360000000000003,0.2383,2116,0,1
2003-11-01,2003,A2003305,0.28250000000000003,0.1653,2116,0,1
2003-11-17,2003,A2003321,0.3916,0.2948,2120,0,2
2003-12-03,2003,A2003337,0.305,0.17650000000000002,2116,0,1
2004-01-01,2004,A2004001,0.3123,0.1688,2116,0,1
2004-01-17,2004,A2004017,0.2278,0.1408,2116,0,1
2004-02-02,2004,A2004033,0.31070000000000003,0.17700000000000002,2116,0,1
2004-02-18,2004,A2004049,0.2807,0.1597,2116,0,1
2004-03-05,2004,A2004065,0.22790000000000002,0.13,2116,0,1
2004-03-21,2004,A2004081,0.21910000000000002,0.12660000000000002,2116,0,1
2004-04-06,2004,A2004097,0.2291,0.1393,2116,0,1
2004-04-22,2004,A2004113,0.2503,0.154,2116,0,1
2004-05-08,2004,A2004129,0.34550000000000003,0.2495,2116,0,1
2004-05-24,2004,A2004145,0.3816,0.272,2189,1,3
2004-06-09,2004,A2004161,0.2876,0.2088,2116,0,1
2004-07-11,2004,A2004193,0.3775,0.2543,35152,0,4
2004-08-12,2004,A2004225,0.2639,0.1554,35152,0,4
2004-09-13,2004,A2004257,0.3095,0.1715,2116,0,1
2004-09-29,2004,A2004273,0.3014,0.21250000000000002,2120,0,2
2004-11-16,2004,A2004321,0.3252,0.1908,2116,0,1
2004-12-02,2004,A2004337,0.29860000000000003,0.1642,2185,1,2
2004-12-18,2004,A2004353,0.28340000000000004,0.15380000000000002,2116,0,1
2005-01-01,2005,A2005001,0.222,0.1305,2116,0,1
2005-01-17,2005,A2005017,0.26180000000000003,0.1482,2116,0,1
2005-02-02,2005,A2005033,0.2728,0.1544,2116,0,1
2005-02-18,2005,A2005049,0.20670000000000002,0.1188,2116,0,1
2005-03-06,2005,A2005065,0.30920000000000003,0.1862,2116,0,1
2005-03-22,2005,A2005081,0.2273,0.14020000000000002,2116,0,1
2005-04-07,2005,A2005097,0.267,0.1621,2185,1,2
2005-04-23,2005,A2005113,0.2634,0.18380000000000002,2185,1,2
2005-05-09,2005,A2005129,0.2637,0.1646,2185,1,2
2005-05-25,2005,A2005145,0.2383,0.1622,2116,0,1
2005-06-10,2005,A2005161,0.2359,0.1587,2116,0,1
2005-08-13,2005,A2005225,0.4158,0.2758,2185,1,2
2005-09-14,2005,A2005257,0.24650000000000002,0.1683,2376,0,2
2005-09-30,2005,A2005273,0.37670000000000003,0.2681,2185,1,2
2005-11-01,2005,A2005305,0.3028,0.1525,2116,0,1
2005-11-17,2005,A2005321,0.36360000000000003,0.2194,2116,0,1
2005-12-03,2005,A2005337,0.3169,0.19160000000000002,2185,1,2
2005-12-19,2005,A2005353,0.3593,0.2069,2116,0,1
2006-01-01,2006,A2006001,0.23440000000000003,0.1163,2116,0,1
2006-01-17,2006,A2006017,0.2929,0.17200000000000001,2116,0,1
2006-02-02,2006,A2006033,0.2199,0.11860000000000001,2116,0,1
2006-02-18,2006,A2006049,0.19790000000000002,0.1188,2116,0,1
2006-03-06,2006,A2006065,0.2313,0.12390000000000001,2116,0,1
2006-03-22,2006,A2006081,0.3022,0.1796,2185,1,2
2006-04-07,2006,A2006097,0.2064,0.14200000000000002,2116,0,1
2006-04-23,2006,A2006113,0.224,0.1446,2116,0,1
2006-05-09,2006,A2006129,0.19690000000000002,0.13040000000000002,2116,0,1
2006-05-25,2006,A2006145,0.21810000000000002,0.1446,2120,0,2
2006-06-10,2006,A2006161,0.3062,0.23450000000000001,2116,0,1
2006-08-29,2006,A2006241,0.26430000000000003,0.17800000000000002,2116,0,1
2006-09-30,2006,A2006273,0.33,0.2093,2185,1,2
2006-10-16,2006,A2006289,0.3128,0.2084,2376,0,2
2006-11-01,2006,A2006305,0.3407,0.1095,35221,1,5
2006-11-17,2006,A2006321,0.2778,0.1847,2116,0,1
2006-12-03,2006,A2006337,0.2975,0.1731,2185,1,2
2006-12-19,2006,A2006353,0.3115,0.1781,2185,1,2
2007-01-01,2007,A2007001,0.28650000000000003,0.1635,2116,0,1
2007-01-17,2007,A2007017,0.2752,0.1583,2116,0,1
2007-02-02,2007,A2007033,0.2489,0.1495,2116,0,1
2007-02-18,2007,A2007049,0.2278,0.14200000000000002,2116,0,1
2007-03-06,2007,A2007065,0.234,0.1386,2116,0,1
2007-03-22,2007,A2007081,0.2298,0.1311,2185,1,2
2007-04-07,2007,A2007097,0.1993,0.1275,2116,0,1
2007-04-23,2007,A2007113,0.20770000000000002,0.1358,2116,0,1
2007-05-09,2007,A2007129,0.20770000000000002,0.1409,2116,0,1
2007-05-25,2007,A2007145,0.20850000000000002,0.1342,2116,0,1
2007-08-29,2007,A2007241,0.3416,0.2152,2185,1,2
2007-09-30,2007,A2007273,0.3413,0.20950000000000002,2185,1,2
2007-10-16,2007,A2007289,0.31220000000000003,0.2131,2116,0,1
2007-11-01,2007,A2007305,0.2636,0.1471,2116,0,1
2007-11-17,2007,A2007321,0.367,0.2285,2116,0,1
2007-12-03,2007,A2007337,0.305,0.15230000000000002,2185,1,2
2007-12-19,2007,A2007353,0.27440000000000003,0.1666,2185,1,2
2008-01-01,2008,A2008001,0.27540000000000003,0.14300000000000002,2116,0,1
2008-01-17,2008,A2008017,0.26630000000000004,0.1454,2116,0,1
2008-02-02,2008,A2008033,0.26080000000000003,0.1452,2185,1,2
2008-02-18,2008,A2008049,0.3099,0.19110000000000002,2116,0,1
2008-03-05,2008,A2008065,0.3154,0.18760000000000002,2116,0,1
2008-03-21,2008,A2008081,0.35400000000000004,0.2466,2116,0,1
2008-04-06,2008,A2008097,0.3068,0.20700000000000002,2116,0,1
2008-04-22,2008,A2008113,0.24150000000000002,0.1748,2116,0,1
2008-05-08,2008,A2008129,0.2265,0.1424,2116,0,1
2008-05-24,2008,A2008145,0.2525,0.1656,2116,0,1
2008-07-11,2008,A2008193,0.23620000000000002,0.15710000000000002,2116,0,1
2008-08-28,2008,A2008241,0.25620000000000004,0.1525,2116,0,1
2008-09-13,2008,A2008257,0.33440000000000003,0.24000000000000002,2120,0,2
2008-09-29,2008,A2008273,0.28140000000000004,0.17650000000000002,2116,0,1
2008-10-15,2008,A2008289,0.3612,0.2431,2116,0,1
2008-10-31,2008,A2008305,0.3438,0.201,2116,0,1
2008-11-16,2008,A2008321,0.36610000000000004,0.22210000000000002,2185,1,2
2008-12-02,2008,A2008337,0.3042,0.1527,2185,1,2
2008-12-18,2008,A2008353,0.2899,0.1549,2116,0,1
2009-01-01,2009,A2009001,0.28500000000000003,0.17930000000000001,2116,0,1
2009-01-17,2009,A2009017,0.2379,0.1353,2116,0,1
2009-02-02,2009,A2009033,0.256,0.1405,2185,1,2
2009-02-18,2009,A2009049,0.2534,0.1447,2116,0,1
2009-03-06,2009,A2009065,0.3262,0.2013,2185,1,2
2009-03-22,2009,A2009081,0.2992,0.2094,2116,0,1
2009-04-07,2009,A2009097,0.2656,0.1641,2185,1,2
2009-04-23,2009,A2009113,0.3099,0.20800000000000002,2116,0,1
2009-05-09,2009,A2009129,0.2538,0.1605,2116,0,1
2009-05-25,2009,A2009145,0.2887,0.216,2116,0,1
2009-06-10,2009,A2009161,0.32270000000000004,0.24250000000000002,2116,0,1
2009-07-12,2009,A2009193,0.2777,0.19720000000000001,2445,1,3
2009-08-13,2009,A2009225,0.2514,0.17750000000000002,2376,0,2
2009-08-29,2009,A2009241,0.2528,0.17550000000000002,2116,0,1
2009-09-14,2009,A2009257,0.35700000000000004,0.26990000000000003,2185,1,2
2009-09-30,2009,A2009273,0.30920000000000003,0.1696,2185,1,2
2009-10-16,2009,A2009289,0.37020000000000003,0.24130000000000001,2116,0,1
2009-11-01,2009,A2009305,0.27190000000000003,0.1579,2185,1,2
2009-11-17,2009,A2009321,0.3109,0.1778,2185,1,2
2009-12-03,2009,A2009337,0.304,0.2054,2261,1,5
2009-12-19,2009,A2009353,0.2832,0.1597,2185,1,2
2010-01-01,2010,A2010001,0.32370000000000004,0.1786,2185,1,2
2010-01-17,2010,A2010017,0.2882,0.1575,2116,0,1
2010-02-02,2010,A2010033,0.2544,0.14300000000000002,2116,0,1
2010-02-18,2010,A2010049,0.2482,0.1401,2185,1,2
2010-03-06,2010,A2010065,0.22460000000000002,0.13490000000000002,2116,0,1
2010-03-22,2010,A2010081,0.2025,0.128,2116,0,1
2010-04-07,2010,A2010097,0.2265,0.15130000000000002,2116,0,1
2010-04-23,2010,A2010113,0.2553,0.16870000000000002,2185,1,2
2010-05-09,2010,A2010129,0.2306,0.1332,2185,1,2
2010-05-25,2010,A2010145,0.199,0.1295,2116,0,1
2010-07-12,2010,A2010193,0.2732,0.2059,2445,1,3
2010-07-28,2010,A2010209,0.318,0.1907,2120,0,2
2010-09-30,2010,A2010273,0.3861,0.2592,2185,1,2
2010-11-17,2010,A2010321,0.2964,0.16110000000000002,2116,0,1
2010-12-03,2010,A2010337,0.3896,0.2058,2261,1,5
2010-12-19,2010,A2010353,0.2529,0.1306,2116,0,1
2011-01-01,2011,A2011001,0.2747,0.1414,2185,1,2
2011-01-17,2011,A2011017,0.3405,0.20320000000000002,2116,0,1
2011-02-02,2011,A2011033,0.24760000000000001,0.14020000000000002,2116,0,1
2011-02-18,2011,A2011049,0.32730000000000004,0.1968,2185,1,2
2011-03-06,2011,A2011065,0.2782,0.17350000000000002,2116,0,1
2011-03-22,2011,A2011081,0.30510000000000004,0.18960000000000002,2185,1,2
2011-04-07,2011,A2011097,0.3069,0.187,2185,1,2
2011-04-23,2011,A2011113,0.2822,0.1948,2116,0,1
2011-05-09,2011,A2011129,0.2893,0.2122,2120,0,2
2011-05-25,2011,A2011145,0.2826,0.1948,2445,1,3
2011-08-29,2011,A2011241,0.2931,0.24020000000000002,2380,0,3
2011-09-14,2011,A2011257,0.2383,0.1696,2116,0,1
2011-09-30,2011,A2011273,0.2636,0.1469,2120,0,2
2011-10-16,2011,A2011289,0.3532,0.2311,2185,1,2
2011-11-01,2011,A2011305,0.329,0.1905,2185,1,2
2011-11-17,2011,A2011321,0.2984,0.18430000000000002,2116,0,1
2011-12-03,2011,A2011337,0.3936,0.2652,2116,0,1
2011-12-19,2011,A2011353,0.2548,0.14250000000000002,2185,1,2
2012-01-01,2012,A2012001,0.26930000000000004,0.1645,2116,0,1
2012-01-17,2012,A2012017,0.324,0.1904,2116,0,1
2012-02-02,2012,A2012033,0.2524,0.1495,2116,0,1
2012-02-18,2012,A2012049,0.28350000000000003,0.1824,2116,0,1
2012-03-05,2012,A2012065,0.23520000000000002,0.13440000000000002,2185,1,2
2012-03-21,2012,A2012081,0.3139,0.196,2185,1,2
2012-04-06,2012,A2012097,0.272,0.1867,2116,0,1
2012-04-22,2012,A2012113,0.25370000000000004,0.1578,2185,1,2
2012-05-08,2012,A2012129,0.28340000000000004,0.16160000000000002,2185,1,2
2012-05-24,2012,A2012145,0.24150000000000002,0.1451,2116,0,1
2012-06-25,2012,A2012177,0.27340000000000003,0.1695,2116,0,1
2012-07-27,2012,A2012209,0.2958,0.21530000000000002,35221,1,5
2012-08-12,2012,A2012225,0.3386,0.1943,2449,1,4
2012-09-13,2012,A2012257,0.34,0.22490000000000002,2116,0,1
2012-09-29,2012,A2012273,0.3648,0.257,2116,0,1
2012-10-15,2012,A2012289,0.3341,0.1847,2185,1,2
2012-10-31,2012,A2012305,0.3552,0.2277,2185,1,2
2012-11-16,2012,A2012321,0.3506,0.221,2185,1,2
2012-12-02,2012,A2012337,0.3517,0.2044,2116,0,1
2012-12-18,2012,A2012353,0.3169,0.20570000000000002,2116,0,1
2013-01-01,2013,A2013001,0.3446,0.2061,2116,0,1
2013-01-17,2013,A2013017,0.3043,0.1719,2185,1,2
2013-02-02,2013,A2013033,0.3104,0.18030000000000002,2185,1,2
2013-02-18,2013,A2013049,0.3209,0.2088,2116,0,1
2013-03-06,2013,A2013065,0.2882,0.1789,2185,1,2
2013-03-22,2013,A2013081,0.29650000000000004,0.19490000000000002,2185,1,2
2013-04-07,2013,A2013097,0.2577,0.1741,2116,0,1
2013-04-23,2013,A2013113,0.2642,0.1824,2185,1,2
2013-05-09,2013,A2013129,0.2641,0.1666,2185,1,2
2013-06-10,2013,A2013161,0.3064,0.2194,2445,1,3
2013-09-14,2013,A2013257,0.34700000000000003,0.2783,2116,0,1
2013-09-30,2013,A2013273,0.39330000000000004,0.2545,2116,0,1
2013-10-16,2013,A2013289,0.4415,0.27140000000000003,2185,1,2
2013-11-01,2013,A2013305,0.3619,0.2084,2185,1,2
2013-11-17,2013,A2013321,0.3619,0.2162,2116,0,1
2013-12-03,2013,A2013337,0.3635,0.218,2116,0,1
2013-12-19,2013,A2013353,0.3891,0.24500000000000002,2116,0,1
2014-01-01,2014,A2014001,0.35710000000000003,0.1647,2185,1,2
2014-01-17,2014,A2014017,0.3083,0.1691,2185,1,2
2014-02-02,2014,A2014033,0.28750000000000003,0.1675,2116,0,1
2014-02-18,2014,A2014049,0.2645,0.1885,2120,0,2
2014-03-06,2014,A2014065,0.323,0.2078,2185,1,2
2014-03-22,2014,A2014081,0.33490000000000003,0.2008,2185,1,2
2014-04-07,2014,A2014097,0.3037,0.19340000000000002,2185,1,2
2014-04-23,2014,A2014113,0.2786,0.18810000000000002,2116,0,1
2014-05-09,2014,A2014129,0.3234,0.2137,2185,1,2
2014-05-25,2014,A2014145,0.2808,0.1827,2185,1,2
2014-06-10,2014,A2014161,0.2801,0.1689,2185,1,2
2014-06-26,2014,A2014177,0.2851,0.2013,2185,1,2
2014-08-13,2014,A2014225,0.2916,0.2267,2445,1,3
2014-08-29,2014,A2014241,0.2919,0.2288,2116,0,1
2014-09-14,2014,A2014257,0.41390000000000005,0.3095,2185,1,2
2014-09-30,2014,A2014273,0.3507,0.2394,2185,1,2
2014-10-16,2014,A2014289,0.35600000000000004,0.23700000000000002,2116,0,1
2014-11-01,2014,A2014305,0.3906,0.21810000000000002,2257,1,4
2014-11-17,2014,A2014321,0.3637,0.2199,2185,1,2
2014-12-03,2014,A2014337,0.3841,0.22,2185,1,2
2014-12-19,2014,A2014353,0.32170000000000004,0.1986,2257,1,4
2015-01-01,2015,A2015001,0.3512,0.2286,2185,1,2
2015-01-17,2015,A2015017,0.2982,0.1889,2185,1,2
2015-02-02,2015,A2015033,0.31070000000000003,0.1817,2116,0,1
2015-02-18,2015,A2015049,0.3062,0.22110000000000002,2185,1,2
2015-03-06,2015,A2015065,0.2997,0.1704,2116,0,1
2015-03-22,2015,A2015081,0.2785,0.1647,2185,1,2
2015-04-07,2015,A2015097,0.266,0.1867,2116,0,1
2015-04-23,2015,A2015113,0.3103,0.2306,2185,1,2
2015-05-09,2015,A2015129,0.2675,0.19410000000000002,2185,1,2
2015-05-25,2015,A2015145,0.331,0.2082,2185,1,2
2015-06-10,2015,A2015161,0.2733,0.1879,2120,0,2
2015-06-26,2015,A2015177,0.3236,0.21430000000000002,2185,1,2
2015-08-13,2015,A2015225,0.3144,0.2388,2116,0,1
2015-08-29,2015,A2015241,0.29500000000000004,0.22490000000000002,2116,0,1
2015-09-14,2015,A2015257,0.38970000000000005,0.24680000000000002,2185,1,2
2015-09-30,2015,A2015273,0.4162,0.2828,2185,1,2
2015-10-16,2015,A2015289,0.3261,0.23850000000000002,2120,0,2
2015-11-17,2015,A2015321,0.323,0.21810000000000002,2189,1,3
2015-12-03,2015,A2015337,0.3023,0.1675,2116,0,1
2015-12-19,2015,A2015353,0.34240000000000004,0.1756,2185,1,2
2016-01-01,2016,A2016001,0.28,0.1709,2116,0,1
2016-01-17,2016,A2016017,0.29450000000000004,0.1673,2185,1,2
2016-02-02,2016,A2016033,0.32480000000000003,0.1729,2185,1,2
2016-02-18,2016,A2016049,0.33,0.1713,2185,1,2
2016-03-05,2016,A2016065,0.3537,0.2089,2185,1,2
2016-03-21,2016,A2016081,0.324,0.2169,2185,1,2
2016-04-06,2016,A2016097,0.33330000000000004,0.2107,2116,0,1
2016-04-22,2016,A2016113,0.2948,0.2097,2185,1,2
2016-05-08,2016,A2016129,0.3039,0.2041,2185,1,2
2016-05-24,2016,A2016145,0.2838,0.20600000000000002,2445,1,3
2016-09-29,2016,A2016273,0.3125,0.1918,2116,0,1
2016-10-15,2016,A2016289,0.35650000000000004,0.25470000000000004,2189,1,3
2016-10-31,2016,A2016305,0.29810000000000003,0.1973,2185,1,2
2016-11-16,2016,A2016321,0.3578,0.21280000000000002,2185,1,2
2016-12-02,2016,A2016337,0.3821,0.22060000000000002,2185,1,2
2016-12-18,2016,A2016353,0.37470000000000003,0.21910000000000002,2185,1,2
2017-01-01,2017,A2017001,0.3531,0.2043,2185,1,2
2017-01-17,2017,A2017017,0.3578,0.1998,2185,1,2
2017-02-02,2017,A2017033,0.3111,0.18730000000000002,2116,0,1
2017-02-18,2017,A2017049,0.3401,0.20600000000000002,2185,1,2
2017-03-06,2017,A2017065,0.3539,0.21150000000000002,2185,1,2
2017-03-22,2017,A2017081,0.30710000000000004,0.19190000000000002,2185,1,2
2017-04-07,2017,A2017097,0.3164,0.189,2185,1,2
2017-04-23,2017,A2017113,0.24860000000000002,0.1899,2116,0,1
2017-05-09,2017,A2017129,0.3236,0.19870000000000002,2185,1,2
2017-05-25,2017,A2017145,0.2795,0.1749,2185,1,2
2017-07-12,2017,A2017193,0.281,0.1774,2449,1,4
2017-09-14,2017,A2017257,0.41390000000000005,0.2711,2185,1,2
2017-09-30,2017,A2017273,0.3895,0.233,2116,0,1
2017-10-16,2017,A2017289,0.3902,0.25930000000000003,2185,1,2
2017-12-03,2017,A2017337,0.34700000000000003,0.23550000000000001,2116,0,1
2017-12-19,2017,A2017353,0.38130000000000003,0.22410000000000002,2185,1,2
