year,mean_ndvi,mean_evi,ndvi_std,evi_std,valid_observations
2000,0.314471,0.197041,0.053407,0.036201,17
2001,0.290241,0.177288,0.029602,0.028126,17
2002,0.264056,0.160269,0.048221,0.035600,16
2003,0.265306,0.173367,0.055672,0.048033,18
2004,0.290672,0.179389,0.047564,0.042289,18
2005,0.286094,0.177350,0.057999,0.041462,18
2006,0.264711,0.159244,0.047165,0.035842,18
2007,0.266500,0.161982,0.051139,0.032200,17
2008,0.293816,0.181505,0.042674,0.034937,19
2009,0.289843,0.187305,0.034726,0.034807,21
2010,0.273075,0.163631,0.056007,0.035473,16
2011,0.297689,0.189100,0.038453,0.033578,18
2012,0.302500,0.188645,0.040430,0.030789,20
2013,0.330324,0.210306,0.049731,0.033704,17
2014,0.323390,0.206881,0.041193,0.032129,21
2015,0.316265,0.208510,0.036941,0.030491,20
2016,0.325281,0.202188,0.031231,0.022421,16
2017,0.337131,0.209606,0.043999,0.027162,16
