Dist Name,year,mean_ndvi,mean_evi,ndvi_std,evi_std,valid_observations
Ananthapur,2000,0.19429000000000002,0.137745,0.0349843107692577,0.02757211549068332,20
Ananthapur,2001,0.17736521739130437,0.11963478260869566,0.04599327627437073,0.030392173165526018,23
Ananthapur,2002,0.16807826086956523,0.11212173913043479,0.021599262540477865,0.015835086374071605,23
Ananthapur,2003,0.15705652173913046,0.10189565217391304,0.025586374678136025,0.018506054986037548,23
Ananthapur,2004,0.1675304347826087,0.11049130434782609,0.029908032286610174,0.016228003659316766,23
Ananthapur,2005,0.17638695652173916,0.12250000000000001,0.0278720176447442,0.026821107698635757,23
Ananthapur,2006,0.17725652173913045,0.12244782608695652,0.0210433929619674,0.018961201284470288,23
Ananthapur,2007,0.17882173913043478,0.12206956521739132,0.0366599850781319,0.02464138121096685,23
Ananthapur,2008,0.18488695652173917,0.12400869565217393,0.029070592831742063,0.020018625714420833,23
Ananthapur,2009,0.18923478260869567,0.12429565217391304,0.03331769402551542,0.022570908030650053,23
Ananthapur,2010,0.1889521739130435,0.12404782608695653,0.018752014911499696,0.018753663146780813,23
Ananthapur,2011,0.18410869565217394,0.11839565217391304,0.031064916092880524,0.022178377640905314,23
Ananthapur,2012,0.17881304347826088,0.11501739130434782,0.026301647102723542,0.019318823890748092,23
Ananthapur,2013,0.17090434782608696,0.11238695652173913,0.025208683176831774,0.01568054104898593,23
Ananthapur,2014,0.1847304347826087,0.11927826086956524,0.033435099069725686,0.02560040760545069,23
Ananthapur,2015,0.18367391304347827,0.12698695652173914,0.025171777439160724,0.02366347980918787,23
Ananthapur,2016,0.18135217391304348,0.11741739130434783,0.030267757666371617,0.020428848856767438,23
Ananthapur,2017,0.17650869565217392,0.11426521739130437,0.02432411659693613,0.015544557910484657,23
Chittoor,2000,0.21448499999999998,0.12565500000000002,0.035742180226847116,0.0287474937122672,20
Chittoor,2001,0.22148260869565217,0.13116956521739132,0.07435263431277343,0.05053434866758368,23
Chittoor,2002,0.22847391304347828,0.13711304347826087,0.04626984308863216,0.03924669417865114,23
Chittoor,2003,0.20632173913043478,0.12730434782608696,0.04258158966802586,0.029801105505132916,23
Chittoor,2004,0.19510434782608696,0.1194521739130435,0.03592482654175711,0.024891635498427205,23
Chittoor,2005,0.22682173913043482,0.13693913043478262,0.052149940787221155,0.02845180516929118,23
Chittoor,2006,0.23119565217391305,0.1416,0.07368969015257569,0.049896419984531225,23
Chittoor,2007,0.21994782608695654,0.12756521739130436,0.048877470823992096,0.042358841608932045,23
Chittoor,2008,0.22691739130434782,0.1372217391304348,0.036359363582963086,0.030525130578556825,23
Chittoor,2009,0.21519130434782613,0.12433043478260872,0.03230748454015345,0.023272309624463944,23
Chittoor,2010,0.26789565217391303,0.16454347826086957,0.07119873261295948,0.05476575594032657,23
Chittoor,2011,0.24565652173913044,0.1490608695652174,0.03430311178684624,0.033943639638918506,23
Chittoor,2012,0.2602434782608696,0.16174347826086957,0.06693620318215464,0.05435773613995408,23
Chittoor,2013,0.25063478260869565,0.1520521739130435,0.03451707889114988,0.030227453950539995,23
Chittoor,2014,0.2541913043478261,0.15015652173913044,0.061729283702333396,0.043917482810865736,23
Chittoor,2015,0.2455826086956522,0.15450434782608696,0.037617544893233885,0.030722918277889574,23
Chittoor,2016,0.2554521739130435,0.15470434782608697,0.03255194268138256,0.03299774755757608,23
Chittoor,2017,0.29129565217391307,0.1769608695652174,0.07281045428346418,0.04806641937919612,23
East Godavari,2000,0.47164,0.27347,0.14317934796684376,0.06794567566891407,20
East Godavari,2001,0.47936086956521745,0.28851739130434784,0.138841180487669,0.08047029746871551,23
East Godavari,2002,0.4967739130434783,0.29190434782608693,0.08090525445005692,0.056575215246936116,23
East Godavari,2003,0.47848695652173917,0.28268695652173914,0.10546491577059182,0.07183669804334519,23
East Godavari,2004,0.4920478260869565,0.29133478260869566,0.07085469683261023,0.04354795276156296,23
East Godavari,2005,0.46986086956521744,0.2821347826086957,0.0955892811560834,0.07966734593235261,23
East Godavari,2006,0.46519565217391307,0.27620869565217393,0.05607008988968321,0.045738206756630206,23
East Godavari,2007,0.45607826086956527,0.27556956521739134,0.07514298465121338,0.06023950255425578,23
East Godavari,2008,0.4719521739130435,0.26234347826086957,0.12072535648986396,0.058751965739546705,23
East Godavari,2009,0.41526521739130434,0.2522695652173913,0.08647673680190031,0.07018619674436517,23
East Godavari,2010,0.43436086956521736,0.24936521739130435,0.12739351966938878,0.07947403583272654,23
East Godavari,2011,0.4548043478260869,0.27487391304347825,0.072624335254419,0.05209699186387657,23
East Godavari,2012,0.4520782608695652,0.2664782608695652,0.09710894049525344,0.06646104776156647,23
East Godavari,2013,0.4506434782608696,0.26477391304347825,0.07831916534335036,0.04874402730210604,23
East Godavari,2014,0.44253043478260873,0.26477391304347825,0.08547157121620036,0.054193418062204034,23
East Godavari,2015,0.39084347826086957,0.23943913043478263,0.08405679803824727,0.06038338678154355,23
East Godavari,2016,0.42490869565217393,0.25871304347826085,0.08763294789810654,0.08011581562365497,23
East Godavari,2017,0.4348739130434783,0.2531,0.08676071700839197,0.05905702944842999,23
Guntur,2000,0.292205,0.174305,0.06544620510891289,0.036063401407141725,20
Guntur,2001,0.2751521739130435,0.16563913043478262,0.07834216831291038,0.045826022174092255,23
Guntur,2002,0.2905304347826087,0.17382173913043478,0.03462596811620131,0.02113643894754741,23
Guntur,2003,0.27054347826086955,0.15967391304347828,0.06514106250066401,0.03428914773181033,23
Guntur,2004,0.2938391304347826,0.17884347826086958,0.045231342101472026,0.031459162938742104,23
Guntur,2005,0.2761608695652174,0.17166521739130436,0.04579598770764287,0.03893999589923465,23
Guntur,2006,0.27562608695652174,0.17055652173913044,0.028358039062083257,0.02485073304364128,23
Guntur,2007,0.27096086956521737,0.16832173913043477,0.04247631146383971,0.028290955132205958,23
Guntur,2008,0.2881130434782609,0.17834347826086958,0.034523526949653896,0.027466009176417526,23
Guntur,2009,0.2737826086956522,0.15813913043478262,0.08235781495276856,0.02482419529283396,23
Guntur,2010,0.27702173913043476,0.1696217391304348,0.048534045749740906,0.021840765814947965,23
Guntur,2011,0.2727826086956522,0.17254347826086958,0.038674453068635664,0.02751822249292203,23
Guntur,2012,0.28929565217391306,0.1759695652173913,0.04613303370058135,0.03564388810011166,23
Guntur,2013,0.2903869565217391,0.17679565217391305,0.043756239080821636,0.022951499817517755,23
Guntur,2014,0.2893913043478261,0.17244347826086956,0.044050352521997516,0.029850579803824686,23
Guntur,2015,0.27575652173913046,0.1640695652173913,0.036566288822641936,0.021737994278610836,23
Guntur,2016,0.2656652173913044,0.15900434782608697,0.03709965215097468,0.02893799764168006,23
Guntur,2017,0.2772695652173913,0.16000869565217393,0.060382977995628494,0.027403001047388256,23
Kadapa YSR,2000,0.30925,0.197165,0.07141308666741988,0.043347570501944536,20
Kadapa YSR,2001,0.2721913043478261,0.17184782608695653,0.06643070834981143,0.04367268617553266,23
Kadapa YSR,2002,0.2586695652173913,0.1618913043478261,0.05124086113447325,0.0369460160608258,23
Kadapa YSR,2003,0.2607217391304348,0.17370869565217392,0.052697860544132655,0.04726365039035118,23
Kadapa YSR,2004,0.2877826086956522,0.18175217391304346,0.046529254259834035,0.043041469111092225,23
Kadapa YSR,2005,0.2747826086956522,0.17370869565217392,0.05983370631230522,0.03994083024861421,23
Kadapa YSR,2006,0.26402608695652174,0.1648608695652174,0.04510615980300155,0.0359459915470473,23
Kadapa YSR,2007,0.2703478260869565,0.16802608695652174,0.051022685414210324,0.035334765489159724,23
Kadapa YSR,2008,0.27888695652173917,0.1753304347826087,0.05502658286805013,0.03958807711675793,23
Kadapa YSR,2009,0.29270869565217394,0.18866086956521738,0.03532870212272013,0.03480272637087287,23
Kadapa YSR,2010,0.29518695652173915,0.18011739130434784,0.07412491486641025,0.04442692316575936,23
Kadapa YSR,2011,0.2860913043478261,0.18644782608695654,0.0438764371745295,0.03241804869857105,23
Kadapa YSR,2012,0.2937391304347826,0.18507391304347828,0.04792997486040002,0.032301818375375255,23
Kadapa YSR,2013,0.30464347826086957,0.1976521739130435,0.07831258360562589,0.04303183672970533,23
Kadapa YSR,2014,0.3187608695652174,0.20273913043478262,0.04387542011330009,0.0346286368504245,23
Kadapa YSR,2015,0.3133826086956522,0.20624347826086956,0.03617272518667662,0.030932695648440527,23
Kadapa YSR,2016,0.3146478260869565,0.19555217391304347,0.04386575460285016,0.029737638678116282,23
Kadapa YSR,2017,0.3339608695652174,0.20903043478260872,0.051596368257768935,0.029472613401452234,23
Krishna,2000,0.295055,0.16343500000000002,0.0514321881090452,0.03511957431404886,20
Krishna,2001,0.3010652173913044,0.17118695652173913,0.08225537621940615,0.050857718680718624,23
Krishna,2002,0.28566956521739134,0.16048695652173914,0.03536868716280764,0.023084849505245697,23
Krishna,2003,0.2841304347826087,0.15281304347826088,0.07068910443743086,0.04151495135214241,23
Krishna,2004,0.2947782608695652,0.16234782608695653,0.05325215280771403,0.029324716065667472,23
Krishna,2005,0.2926739130434783,0.16934782608695653,0.05506466626027741,0.0377941899041881,23
Krishna,2006,0.2934521739130435,0.1697217391304348,0.03040209127922285,0.027097432896221317,23
Krishna,2007,0.29264347826086956,0.1693826086956522,0.04814889620265035,0.03343124086259211,23
Krishna,2008,0.3079,0.16662608695652176,0.054020257143206775,0.02620321315118893,23
Krishna,2009,0.29216521739130435,0.16666521739130435,0.038296078706164874,0.02441563598664616,23
Krishna,2010,0.3245217391304348,0.1804826086956522,0.0900847830784561,0.0424892783499974,23
Krishna,2011,0.3312304347826087,0.19177391304347827,0.040307087520035804,0.03438849196237951,23
Krishna,2012,0.31610000000000005,0.1696,0.05672059109834327,0.03489887989867035,23
Krishna,2013,0.3243304347826087,0.1827521739130435,0.07087759894085405,0.034926349385856585,23
Krishna,2014,0.3362869565217391,0.1879478260869565,0.05287362552993544,0.027060267242603252,23
Krishna,2015,0.3391217391304348,0.1814826086956522,0.039420967615560104,0.02986896614112917,23
Krishna,2016,0.315204347826087,0.17273913043478262,0.04582965969227662,0.030437084723774276,23
Krishna,2017,0.33316956521739133,0.18422608695652176,0.059705850442608226,0.02993856159463462,23
Kurnool,2000,0.2274,0.142385,0.0664562618331945,0.04366415216410971,20
Kurnool,2001,0.21088695652173914,0.1294608695652174,0.07447960858424042,0.042635748328991745,23
Kurnool,2002,0.2311608695652174,0.14066956521739132,0.048668355774105825,0.03042902972167157,23
Kurnool,2003,0.22386086956521742,0.14124347826086958,0.04244388529823214,0.029478649069930977,23
Kurnool,2004,0.2227826086956522,0.13832173913043477,0.0503201807715888,0.036768983427509803,23
Kurnool,2005,0.22888695652173913,0.13987826086956523,0.05274721280312375,0.038726523170018054,23
Kurnool,2006,0.23849565217391305,0.14884782608695654,0.03607311361238033,0.030034886829776303,23
Kurnool,2007,0.2200130434782609,0.13668695652173915,0.05425090953864967,0.02998663799924933,23
Kurnool,2008,0.2421086956521739,0.14843913043478263,0.05119679422708453,0.03326067482957279,23
Kurnool,2009,0.2423391304347826,0.1477217391304348,0.08839564848982531,0.04729363743985538,23
Kurnool,2010,0.2553608695652174,0.1559,0.07525968822641217,0.03997189922023631,23
Kurnool,2011,0.23237826086956523,0.14070434782608696,0.05130232102246924,0.03291232814423066,23
Kurnool,2012,0.2246608695652174,0.1346130434782609,0.05503040266426645,0.03501465023708356,23
Kurnool,2013,0.23723478260869565,0.14594347826086956,0.036190224806451565,0.024291615202986408,23
Kurnool,2014,0.25420000000000004,0.15335217391304348,0.0398158488316125,0.023970149420500214,23
Kurnool,2015,0.23302608695652174,0.14752608695652175,0.03848362364094043,0.02719025924165599,23
Kurnool,2016,0.22109130434782612,0.14530434782608695,0.043801918939320436,0.041440466370016,23
Kurnool,2017,0.24780434782608698,0.14052173913043478,0.06042241063967807,0.027331882091362204,23
S.P.S. Nellore,2000,0.40809000000000006,0.26961500000000005,0.05997147479822124,0.05042700065180203,20
S.P.S. Nellore,2001,0.3555217391304348,0.22764782608695652,0.09300503875168044,0.05736201522361147,23
S.P.S. Nellore,2002,0.37149130434782607,0.24191304347826087,0.08328357315408756,0.049809585645078265,23
S.P.S. Nellore,2003,0.37518695652173917,0.24145652173913046,0.04452262248614155,0.029755088580656067,23
S.P.S. Nellore,2004,0.3425913043478261,0.22851739130434784,0.06525341449124941,0.040122501646082845,23
S.P.S. Nellore,2005,0.31554782608695653,0.2035391304347826,0.04377500189050636,0.027323195925314497,23
S.P.S. Nellore,2006,0.35616521739130436,0.22767826086956522,0.04215144350699417,0.030703863489821282,23
S.P.S. Nellore,2007,0.3639391304347826,0.24362173913043478,0.03758621288730066,0.03836922247324776,23
S.P.S. Nellore,2008,0.33610434782608695,0.2076,0.055687777982253814,0.03624994043882257,23
S.P.S. Nellore,2009,0.3226695652173913,0.20864347826086957,0.041833723181865096,0.02550880108523966,23
S.P.S. Nellore,2010,0.3233782608695652,0.20605652173913044,0.05793238187374326,0.03554260984543068,23
S.P.S. Nellore,2011,0.29302608695652177,0.182504347826087,0.06352834884301156,0.03784922814465633,23
S.P.S. Nellore,2012,0.2876,0.18495217391304347,0.04249968983844043,0.029149035062233,23
S.P.S. Nellore,2013,0.30860000000000004,0.19910869565217393,0.06315436355758512,0.03792781316999055,23
S.P.S. Nellore,2014,0.313604347826087,0.18880000000000002,0.09937031511317501,0.02823324925750425,23
S.P.S. Nellore,2015,0.30620434782608696,0.20010000000000003,0.05854733499300041,0.034502490028718476,23
S.P.S. Nellore,2016,0.3012608695652174,0.1943521739130435,0.03658424572918135,0.02744400695573737,23
S.P.S. Nellore,2017,0.29951304347826085,0.19730000000000003,0.04970315797857798,0.04050978557426251,23
Srikakulam,2000,0.38014000000000003,0.230315,0.08545332613402724,0.05019557828083435,20
Srikakulam,2001,0.3422391304347826,0.20879565217391302,0.09280581260758909,0.06242895946783957,23
Srikakulam,2002,0.3748173913043479,0.23578695652173917,0.05225099957437886,0.04999368418608518,23
Srikakulam,2003,0.33702173913043476,0.20314347826086956,0.05361842421238959,0.027815509507646292,23
Srikakulam,2004,0.35316956521739135,0.21120434782608696,0.04841361035890828,0.04079622841592624,23
Srikakulam,2005,0.3483695652173914,0.20995652173913046,0.051010840512604516,0.04295674173024592,23
Srikakulam,2006,0.35054347826086957,0.21180000000000002,0.05478567186680505,0.040589732243959974,23
Srikakulam,2007,0.3506782608695652,0.20841739130434786,0.05243645467283354,0.031766014603573846,23
Srikakulam,2008,0.3530608695652174,0.213204347826087,0.039065862092467235,0.04033523700033902,23
Srikakulam,2009,0.3302,0.20000434782608698,0.05963344089290233,0.034173667138481044,23
Srikakulam,2010,0.3566739130434783,0.20927826086956525,0.06838779275300863,0.03810701386790697,23
Srikakulam,2011,0.34720869565217394,0.20642608695652176,0.050328935406289244,0.039874225183595666,23
Srikakulam,2012,0.3497652173913044,0.20657391304347825,0.062008083114554524,0.04124244522985452,23
Srikakulam,2013,0.36101739130434785,0.20105652173913044,0.09517690539284253,0.034850587918439334,23
Srikakulam,2014,0.33019565217391306,0.20354782608695654,0.049062265432081954,0.043387187777512236,23
Srikakulam,2015,0.3366521739130435,0.20839565217391304,0.05423886454266417,0.03479856943586344,23
Srikakulam,2016,0.33173913043478265,0.19205652173913043,0.04663608375818448,0.029084482368171967,23
Srikakulam,2017,0.32879565217391304,0.19270869565217394,0.07588201654399154,0.04386020056584203,23
Visakhapatnam,2000,0.5024150000000001,0.303945,0.08054062900830013,0.0621681884720372,20
Visakhapatnam,2001,0.4664043478260869,0.27106956521739134,0.1607240109862552,0.09840321241422323,23
Visakhapatnam,2002,0.5249086956521739,0.3190217391304348,0.05340180379183219,0.06354435070034828,23
Visakhapatnam,2003,0.49310000000000004,0.2799521739130435,0.08941998963014114,0.06701493639185777,23
Visakhapatnam,2004,0.5199217391304348,0.29934782608695654,0.057927823088279734,0.05533542240131559,23
Visakhapatnam,2005,0.4873217391304348,0.2882,0.09786537114610673,0.06857850842779986,23
Visakhapatnam,2006,0.5162695652173913,0.30210434782608697,0.06647887179590907,0.054742724533293624,23
Visakhapatnam,2007,0.5228652173913043,0.2925130434782609,0.08104800266001544,0.06209729392689732,23
Visakhapatnam,2008,0.49626086956521737,0.2942913043478261,0.1017569686652308,0.07985127603604705,23
Visakhapatnam,2009,0.5003608695652174,0.28926521739130434,0.08798310136885498,0.06720655141695403,23
Visakhapatnam,2010,0.5108086956521739,0.3074304347826087,0.12085782749331202,0.09188149697390662,23
Visakhapatnam,2011,0.5309,0.31803913043478266,0.10620937726105835,0.0781098744725568,23
Visakhapatnam,2012,0.5129869565217391,0.29534782608695653,0.09181778053369831,0.06552929164305918,23
Visakhapatnam,2013,0.5526652173913044,0.30986956521739134,0.08885932502708298,0.06065268063312777,23
Visakhapatnam,2014,0.5141130434782609,0.29185217391304347,0.07587192740130526,0.07101373663252648,23
Visakhapatnam,2015,0.5175913043478261,0.30726521739130436,0.12339576725112601,0.09342441577259442,23
Visakhapatnam,2016,0.5535130434782609,0.33814782608695654,0.11867081016733118,0.10694861922507556,23
Visakhapatnam,2017,0.5622304347826087,0.33465652173913046,0.14058722764559767,0.10235086634658858,23
West Godavari,2000,0.350575,0.195145,0.1140010428160984,0.07541635642080222,20
West Godavari,2001,0.31601304347826087,0.1837,0.07900632485813354,0.0478367964114351,23
West Godavari,2002,0.3314130434782609,0.19211739130434785,0.04962850449588446,0.03823515341307968,23
West Godavari,2003,0.3404739130434783,0.18514347826086958,0.057820295409698685,0.0384090759407787,23
West Godavari,2004,0.3304,0.18798260869565217,0.04262456611349419,0.035432222779091825,23
West Godavari,2005,0.33462608695652174,0.19678695652173914,0.05381349287874072,0.03701244636295676,23
West Godavari,2006,0.35784347826086954,0.20221304347826088,0.03305793572842241,0.02925164027021432,23
West Godavari,2007,0.36812608695652177,0.20712608695652177,0.07090265553041594,0.038714869323289304,23
West Godavari,2008,0.34760434782608696,0.1998217391304348,0.05024869494696871,0.03036985581612942,23
West Godavari,2009,0.3421,0.19340869565217392,0.03600772644358934,0.027029073791743713,23
West Godavari,2010,0.37720000000000004,0.20961304347826087,0.07186012296626881,0.03998724005966069,23
West Godavari,2011,0.36129130434782614,0.20294782608695652,0.04393131946617955,0.034823644913467754,23
West Godavari,2012,0.35689565217391306,0.19965652173913045,0.052594274474603055,0.03176203889274909,23
West Godavari,2013,0.365,0.20720434782608696,0.042747705945890994,0.03482117274225905,23
West Godavari,2014,0.3713347826086957,0.2083217391304348,0.05455742269885467,0.04882571934508715,23
West Godavari,2015,0.38438260869565216,0.2054826086956522,0.06948196399180225,0.046587392482729924,23
West Godavari,2016,0.3910826086956522,0.2157695652173913,0.09369147944267986,0.06334930892055148,23
West Godavari,2017,0.3586217391304348,0.2008304347826087,0.08491314255553215,0.046020869127569905,23
