year,mean_temperature_C,mean_relative_humidity_pct,mean_root_zone_soil_wetness,annual_precipitation_mm
2000,27.3958,63.5667,0.6154,730.34
2001,27.7262,62.1395,0.6306,756.37
2002,27.7332,62.4507,0.6118,624.65
2003,28.3226,59.8366,0.6007,572.06
2004,27.091,64.9069,0.6187,709.3
2005,27.2876,66.6267,0.6579,1004.68
2006,27.2686,64.7627,0.6249,724.81
2007,26.8701,67.1529,0.6579,1000.2
2008,27.1342,65.1352,0.6277,781.47
2009,27.7989,62.3275,0.6238,737.97
2010,27.5682,66.927,0.6486,911.34
2011,27.3415,63.6299,0.6103,669.62
2012,28.0257,59.4305,0.594,578.62
2013,27.4716,63.9251,0.6182,698.84
2014,27.7827,61.0838,0.5973,583.68
2015,27.2336,65.4528,0.6376,1038.63
2016,27.8078,60.8731,0.6065,500.17
2017,27.674,63.2088,0.6467,872.82
