Dist Name,year,mean_temperature_C,mean_relative_humidity_pct,mean_root_zone_soil_wetness,annual_precipitation_mm
Srikakulam,2000,27.09838797814208,69.13975409836073,0.48724043715846976,938.0900000000004
Srikakulam,2001,27.18035616438357,70.35926027397264,0.5104109589041094,1048.7599999999993
Srikakulam,2002,27.445315068493176,68.53405479452054,0.472301369863013,760.5500000000001
Srikakulam,2003,27.133945205479442,72.11991780821921,0.5567397260273974,1358.62
Srikakulam,2004,26.511775956284158,72.66740437158467,0.5563661202185791,1017.01
Srikakulam,2005,27.145369863013713,71.84726027397267,0.5593424657534248,1617.2399999999993
Srikakulam,2006,26.622986301369867,73.48095890410961,0.6110958904109591,1457.0900000000006
Srikakulam,2007,26.619287671232883,73.98736986301368,0.5898356164383558,1306.669999999999
Srikakulam,2008,26.67655737704918,72.55942622950815,0.538032786885246,1152.81
Srikakulam,2009,27.655479452054795,68.0195890410959,0.47145205479452074,831.21
Srikakulam,2010,27.23684931506849,73.66120547945212,0.6372328767123289,1801.7499999999986
Srikakulam,2011,26.76312328767122,70.7358904109589,0.5154520547945195,878.9099999999997
Srikakulam,2012,26.932377049180364,71.9377049180328,0.5783879781420768,1433.7700000000002
Srikakulam,2013,26.935452054794506,72.0199452054795,0.5443835616438356,1423.1899999999996
Srikakulam,2014,26.88471232876712,70.99232876712327,0.5727671232876717,1254.4799999999989
Srikakulam,2015,26.844821917808236,73.21268493150689,0.6056164383561643,1475.1299999999999
Srikakulam,2016,26.87456284153002,72.62907103825134,0.6012295081967214,1349.2399999999998
Srikakulam,2017,26.884438356164377,73.55999999999995,0.593095890410959,1316.7000000000003
Visakhapatnam,2000,27.51300546448087,74.21770491803278,0.3650273224043716,879.5499999999996
Visakhapatnam,2001,27.62961643835617,74.41210958904107,0.378821917808219,987.8699999999998
Visakhapatnam,2002,27.84887671232877,72.93309589041101,0.36024657534246596,769.0099999999999
Visakhapatnam,2003,27.396739726027413,76.80435616438356,0.424493150684932,1251.779999999999
Visakhapatnam,2004,27.113524590163927,76.5710382513661,0.43371584699453514,986.62
Visakhapatnam,2005,27.52591780821914,76.52789041095892,0.4620821917808224,1565.1999999999998
Visakhapatnam,2006,27.228219178082195,76.85260273972602,0.5009315068493151,1402.3799999999992
Visakhapatnam,2007,27.181123287671234,77.32813698630137,0.4690410958904106,1244.1499999999994
Visakhapatnam,2008,27.34174863387978,76.11079234972678,0.42336065573770487,1118.0399999999993
Visakhapatnam,2009,27.958082191780814,73.29326027397265,0.35446575342465786,833.8499999999997
Visakhapatnam,2010,27.577616438356156,78.04361643835618,0.5324109589041098,1886.4099999999985
Visakhapatnam,2011,27.316849315068477,75.05720547945205,0.42287671232876717,895.39
Visakhapatnam,2012,27.42887978142074,75.74540983606562,0.4299180327868853,1293.03
Visakhapatnam,2013,27.400328767123295,75.47827397260282,0.44386301369862996,1414.5599999999997
Visakhapatnam,2014,27.401260273972607,74.89843835616435,0.4427397260273971,1184.8799999999997
Visakhapatnam,2015,27.331726027397256,76.95649315068499,0.4875068493150683,1438.9799999999998
Visakhapatnam,2016,27.481830601092923,75.89079234972677,0.4912021857923498,1349.2600000000002
Visakhapatnam,2017,27.334273972602716,77.93863013698629,0.4817808219178084,1296.1699999999994
East Godavari,2000,27.636475409836063,75.04576502732236,0.42180327868852396,810.6099999999998
East Godavari,2001,27.800602739725996,74.92273972602739,0.44019178082191796,943.9799999999992
East Godavari,2002,28.015589041095872,73.38147945205483,0.4202465753424658,772.4899999999999
East Godavari,2003,27.560739726027393,77.01136986301366,0.4741369863013694,1156.5999999999988
East Godavari,2004,27.272650273224066,76.9802459016393,0.48956284153005436,993.1099999999994
East Godavari,2005,27.62772602739725,77.16780821917813,0.5050958904109586,1418.0999999999997
East Godavari,2006,27.456082191780816,76.73282191780821,0.5356712328767125,1408.7499999999998
East Godavari,2007,27.394328767123284,77.20936986301368,0.5185205479452056,1193.7099999999994
East Godavari,2008,27.542622950819684,76.44713114754097,0.48912568306010895,1101.8499999999992
East Godavari,2009,28.108712328767123,73.85115068493161,0.40767123287671164,731.5999999999999
East Godavari,2010,27.68865753424659,78.49928767123288,0.5798904109589041,1903.9599999999987
East Godavari,2011,27.460246575342467,75.73446575342464,0.49169863013698645,933.9599999999998
East Godavari,2012,27.51554644808741,76.53964480874315,0.5110928961748631,1436.9499999999998
East Godavari,2013,27.45263013698629,76.48052054794519,0.5070958904109596,1378.7099999999994
East Godavari,2014,27.724986301369864,74.22465753424663,0.45306849315068504,903.0599999999996
East Godavari,2015,27.555315068493147,76.5661917808219,0.5135342465753424,1307.4599999999994
East Godavari,2016,27.717650273224063,75.79980874316944,0.5369125683060106,1303.1099999999988
East Godavari,2017,27.554630136986297,77.87,0.5311506849315069,1263.8500000000001
West Godavari,2000,27.729863387978146,73.15524590163932,0.6236612021857922,1038.85
West Godavari,2001,27.969589041095894,72.09443835616437,0.5997534246575342,942.97
West Godavari,2002,28.36687671232877,69.93301369863018,0.5775342465753427,796.1100000000001
West Godavari,2003,28.069041095890384,72.52273972602744,0.5984657534246579,959.1399999999998
West Godavari,2004,27.616721311475434,73.17229508196719,0.5988251366120223,844.0199999999998
West Godavari,2005,27.909945205479413,73.74013698630131,0.6377534246575342,1292.63
West Godavari,2006,27.73410958904108,73.47939726027393,0.6351506849315068,1499.0699999999997
West Godavari,2007,27.539589041095923,74.50315068493148,0.6659178082191777,1149.0500000000002
West Godavari,2008,27.78133879781424,73.38103825136612,0.6438524590163932,1201.22
West Godavari,2009,28.37961643835616,70.72180821917817,0.5750410958904107,785.2600000000003
West Godavari,2010,27.807890410958912,76.20649315068486,0.7126575342465747,1906.3899999999996
West Godavari,2011,27.819287671232864,71.73191780821911,0.601041095890411,832.4699999999998
West Godavari,2012,27.739071038251346,73.5293989071039,0.6542896174863385,1386.0999999999997
West Godavari,2013,27.567095890410982,74.06728767123288,0.6361369863013696,1320.96
West Godavari,2014,28.10863013698631,69.91139726027397,0.5820547945205479,791.6000000000001
West Godavari,2015,27.940575342465767,72.25230136986306,0.604246575342465,986.4299999999998
West Godavari,2016,27.993524590163943,71.87928961748639,0.6265300546448079,1054.6000000000001
West Godavari,2017,28.059643835616434,72.85465753424654,0.6256986301369867,971.3499999999997
Krishna,2000,27.751338797814203,76.9643442622951,0.5098087431693992,1115.1299999999992
Krishna,2001,28.08838356164383,75.44564383561641,0.47232876712328753,966.4999999999999
Krishna,2002,28.213643835616416,74.69572602739724,0.449698630136986,841.3799999999999
Krishna,2003,28.020630136986313,76.50421917808221,0.45873972602739754,937.3200000000002
Krishna,2004,27.79967213114753,76.00207650273224,0.4655464480874314,841.9600000000004
Krishna,2005,27.945123287671226,77.43441095890415,0.5209589041095889,1268.9799999999996
Krishna,2006,27.948520547945215,75.99320547945204,0.5163287671232873,1552.8199999999993
Krishna,2007,27.64679452054795,77.50739726027398,0.5531506849315072,1172.6899999999994
Krishna,2008,27.98286885245902,75.98177595628407,0.532841530054645,1232.6999999999998
Krishna,2009,28.30331506849316,74.77920547945196,0.44799999999999957,800.3299999999997
Krishna,2010,28.034246575342465,78.3143287671233,0.6096712328767122,1981.6799999999998
Krishna,2011,28.024986301369864,74.6517260273973,0.4697808219178079,788.7199999999999
Krishna,2012,27.919180327868844,75.97554644808743,0.5246994535519125,1313.5400000000002
Krishna,2013,27.79958904109587,76.36630136986301,0.5176164383561644,1280.9999999999989
Krishna,2014,28.09361643835619,74.10791780821917,0.45802739726027375,791.6099999999996
Krishna,2015,28.049945205479435,75.49057534246569,0.47224657534246567,1009.8499999999996
Krishna,2016,28.13868852459019,75.06530054644809,0.5235245901639345,1214.0
Krishna,2017,28.09504109589041,76.4486575342466,0.49065753424657527,955.53
Guntur,2000,27.741092896174862,70.72628415300548,0.5992896174863395,1070.249999999999
Guntur,2001,28.0789589041096,68.69454794520547,0.559616438356165,910.1299999999997
Guntur,2002,28.539369863013697,66.52227397260268,0.5440000000000004,768.2199999999999
Guntur,2003,28.30728767123287,68.82778082191781,0.5551506849315062,857.2299999999997
Guntur,2004,27.722431693989055,69.79224043715851,0.5532513661202192,759.0999999999997
Guntur,2005,27.954739726027416,71.10380821917805,0.6132602739726029,1192.2599999999995
Guntur,2006,27.651506849315076,71.33758904109581,0.6031506849315069,1343.6199999999994
Guntur,2007,27.443041095890408,72.52298630136987,0.6342191780821919,1067.7199999999996
Guntur,2008,27.714098360655733,70.94814207650272,0.6063114754098361,1157.69
Guntur,2009,28.422356164383583,68.10586301369861,0.549945205479452,819.6299999999994
Guntur,2010,27.906630136986298,73.66304109589045,0.6699999999999994,1557.2399999999993
Guntur,2011,27.95665753424659,68.30279452054796,0.560767123287671,730.1799999999998
Guntur,2012,27.873005464480862,70.19754098360653,0.6046721311475415,1192.6499999999996
Guntur,2013,27.453726027397252,72.34273972602739,0.6130136986301361,1279.53
Guntur,2014,28.17909589041094,66.95068493150687,0.5476986301369866,749.0800000000003
Guntur,2015,28.212931506849333,67.95756164383562,0.5503013698630141,824.0000000000001
Guntur,2016,28.03997267759565,68.69133879781421,0.5713934426229512,935.8699999999998
Guntur,2017,28.142164383561646,69.85731506849318,0.6023013698630143,991.1999999999995
S.P.S. Nellore,2000,28.074426229508205,70.65040983606556,0.47568306010928973,1031.989999999999
S.P.S. Nellore,2001,28.632219178082174,68.22753424657527,0.48342465753424685,1026.0299999999997
S.P.S. Nellore,2002,28.41293150684934,69.52375342465754,0.5103287671232873,953.4499999999996
S.P.S. Nellore,2003,28.47002739726028,69.45860273972596,0.46578082191780834,841.6299999999998
S.P.S. Nellore,2004,28.03196721311476,70.19732240437156,0.4950000000000006,1063.29
S.P.S. Nellore,2005,28.36213698630134,70.95391780821922,0.5107945205479449,1313.2699999999998
S.P.S. Nellore,2006,28.195863013698645,69.71619178082192,0.522630136986301,1019.4499999999996
S.P.S. Nellore,2007,27.821671232876692,72.05326027397264,0.5331780821917809,1218.9699999999993
S.P.S. Nellore,2008,28.289863387978134,69.34844262295083,0.48972677595628333,939.5099999999996
S.P.S. Nellore,2009,28.581260273972607,68.47517808219175,0.4878356164383565,993.2099999999997
S.P.S. Nellore,2010,28.142027397260275,73.90164383561647,0.5541095890410965,1289.1999999999996
S.P.S. Nellore,2011,28.24443835616439,69.14052054794516,0.49980821917808205,1013.9199999999996
S.P.S. Nellore,2012,28.543169398907096,67.53857923497273,0.45808743169398997,773.4000000000003
S.P.S. Nellore,2013,28.10704109589044,70.63597260273973,0.4833972602739731,954.1200000000003
S.P.S. Nellore,2014,28.46046575342467,67.6087945205479,0.4317260273972608,755.3200000000003
S.P.S. Nellore,2015,28.238109589041105,70.2987397260274,0.5041643835616441,1428.4999999999998
S.P.S. Nellore,2016,28.502377049180325,67.73434426229511,0.46677595628415175,632.4599999999996
S.P.S. Nellore,2017,28.44931506849313,69.92049315068496,0.48241095890410957,941.299999999999
Kurnool,2000,26.902021857923472,61.356693989071026,0.6603005464480877,820.4399999999996
Kurnool,2001,27.377506849315072,58.71375342465752,0.640301369863013,690.0399999999994
Kurnool,2002,27.525424657534252,59.428082191780824,0.6279452054794518,702.1299999999997
Kurnool,2003,27.880684931506845,58.29000000000006,0.6283013698630131,621.7399999999997
Kurnool,2004,26.907185792349697,61.09601092896175,0.6241530054644812,631.7199999999995
Kurnool,2005,26.48679452054792,66.0813424657534,0.6981095890410963,1078.1499999999992
Kurnool,2006,26.75663013698631,63.6494520547945,0.6486849315068491,810.0400000000003
Kurnool,2007,26.678082191780845,63.516383561643835,0.6753698630136986,1147.2199999999998
Kurnool,2008,26.81901639344261,62.03390710382513,0.6439344262295088,769.5799999999997
Kurnool,2009,27.552054794520558,59.94232876712329,0.6413698630136984,781.4599999999997
Kurnool,2010,27.437890410958882,63.83016438356166,0.6741369863013699,894.5599999999994
Kurnool,2011,27.651972602739715,57.033068493150715,0.6083561643835623,452.30999999999983
Kurnool,2012,27.67202185792351,56.78620218579239,0.621830601092895,630.3699999999999
Kurnool,2013,26.95564383561643,62.446465753424654,0.6496712328767125,761.3900000000001
Kurnool,2014,27.132931506849285,60.488712328767114,0.6383561643835612,724.02
Kurnool,2015,27.629726027397272,57.952767123287735,0.6106575342465751,541.5999999999997
Kurnool,2016,27.524781420765038,57.78928961748637,0.6304918032786889,627.53
Kurnool,2017,27.44035616438359,58.490602739726064,0.6442191780821913,701.3799999999998
Ananthapur,2000,26.522540983606557,59.557704918032805,0.5948633879781424,510.46999999999997
Ananthapur,2001,26.603369863013704,60.14432876712328,0.6158082191780817,606.79
Ananthapur,2002,27.092493150684938,57.95668493150686,0.5848767123287664,432.7699999999999
Ananthapur,2003,27.659561643835595,55.7808493150685,0.5772328767123281,351.1999999999998
Ananthapur,2004,26.287049180327866,61.406666666666666,0.5996721311475411,548.2399999999994
Ananthapur,2005,26.213178082191778,64.96443835616438,0.653479452054795,852.4499999999999
Ananthapur,2006,26.362739726027417,62.53720547945207,0.5993424657534244,578.7199999999997
Ananthapur,2007,26.007917808219165,64.17158904109584,0.6401917808219177,875.2899999999992
Ananthapur,2008,25.953879781420756,63.99704918032784,0.6217759562841533,762.5899999999998
Ananthapur,2009,26.65476712328765,61.27087671232877,0.6129315068493149,655.0900000000001
Ananthapur,2010,26.582904109589027,65.03243835616438,0.6308493150684925,807.5499999999995
Ananthapur,2011,26.405863013698617,60.71923287671233,0.5957534246575347,562.0199999999999
Ananthapur,2012,26.905901639344286,57.853606557377034,0.5879508196721305,502.4899999999998
Ananthapur,2013,26.50487671232877,61.45687671232875,0.602630136986301,579.49
Ananthapur,2014,26.64912328767123,59.953616438356164,0.5916438356164372,533.0799999999997
Ananthapur,2015,26.442273972602745,61.86161643835618,0.5990136986301362,633.1199999999998
Ananthapur,2016,27.248251366120222,55.636202185792335,0.5891256830601106,431.8899999999998
Ananthapur,2017,26.673205479452054,60.15772602739726,0.6208219178082187,725.1300000000003
Kadapa YSR,2000,27.395792349726747,63.56672131147538,0.6154098360655738,730.3399999999996
Kadapa YSR,2001,27.72621917808219,62.1394520547945,0.6305753424657532,756.3699999999993
Kadapa YSR,2002,27.73315068493151,62.45073972602738,0.611753424657534,624.65
Kadapa YSR,2003,28.32263013698629,59.836630136986265,0.6006849315068499,572.0599999999997
Kadapa YSR,2004,27.090956284153012,64.9068852459016,0.6187431693989066,709.3
Kadapa YSR,2005,27.287589041095888,66.62668493150686,0.6579452054794518,1004.6799999999995
Kadapa YSR,2006,27.26863013698629,64.76271232876711,0.6249315068493145,724.81
Kadapa YSR,2007,26.870109589041107,67.15287671232879,0.6579452054794523,1000.1999999999999
Kadapa YSR,2008,27.134180327868865,65.13524590163931,0.6276775956284144,781.4699999999997
Kadapa YSR,2009,27.798904109589042,62.32753424657529,0.6237808219178075,737.97
Kadapa YSR,2010,27.56816438356164,66.92701369863013,0.6485753424657531,911.3399999999997
Kadapa YSR,2011,27.341452054794495,63.62989041095889,0.6102739726027391,669.6199999999997
Kadapa YSR,2012,28.025737704918033,59.430546448087476,0.5940437158469948,578.6199999999999
Kadapa YSR,2013,27.471589041095907,63.925123287671205,0.6182465753424659,698.8399999999999
Kadapa YSR,2014,27.782712328767104,61.08378082191784,0.5973424657534233,583.68
Kadapa YSR,2015,27.233589041095886,65.45279452054795,0.6375890410958897,1038.6299999999999
Kadapa YSR,2016,27.807841530054645,60.87308743169401,0.6064754098360661,500.17000000000024
Kadapa YSR,2017,27.67402739726026,63.208821917808244,0.6467397260273975,872.8199999999995
Chittoor,2000,26.83494535519129,69.73049180327865,0.6171857923497261,969.0500000000001
Chittoor,2001,27.18539726027397,68.64008219178079,0.628849315068493,1044.3300000000004
Chittoor,2002,27.213150684931495,68.81142465753419,0.6193150684931507,821.1199999999999
Chittoor,2003,27.57041095890413,67.12054794520544,0.6039726027397252,780.3400000000001
Chittoor,2004,26.408907103825136,72.31781420765026,0.6587431693989066,1183.7100000000003
Chittoor,2005,26.780027397260266,72.82797260273969,0.6716164383561631,1547.81
Chittoor,2006,26.714657534246598,70.7906575342466,0.6477534246575353,974.3099999999993
Chittoor,2007,26.585534246575317,71.84824657534247,0.6510136986301365,1128.2100000000003
Chittoor,2008,26.45778688524591,72.27554644808738,0.650819672131147,1249.0500000000004
Chittoor,2009,27.159945205479435,69.00613698630139,0.6296712328767115,974.0099999999999
Chittoor,2010,26.991013698630127,73.00210958904104,0.6606301369863009,1170.19
Chittoor,2011,26.677041095890413,70.47956164383561,0.6400273972602729,1046.4199999999998
Chittoor,2012,27.248579234972667,67.96071038251364,0.6177595628415299,888.4499999999998
Chittoor,2013,26.96090410958905,69.86726027397258,0.6234246575342463,901.3500000000003
Chittoor,2014,27.256602739726038,67.42093150684926,0.6043287671232866,861.4699999999993
Chittoor,2015,26.888164383561644,71.30309589041092,0.6516438356164371,1667.0099999999998
Chittoor,2016,27.192322404371534,68.04770491803279,0.6174043715847006,718.0899999999995
Chittoor,2017,27.253315068493144,69.54145205479445,0.6591506849315071,1134.6900000000005
