District,Total Biomass (Tonnes),Briquettes (Tonnes),Matched Industry,Distance (km),Producer Profit (INR),Factory Savings (INR)
Ananthapur,67817.23,57644.64,Penna Cement Industries Limited,61.3,246381854.47,66521918.99
Chittoor,43711.11,37154.44,Chittoor Agro & Fruit Processors Association,4.4,192467426.96,94149349.43
Kurnool,25018.55,21265.77,Kurnool Solvent Extraction & Agro-Feeds,4.1,142167235.2,35366225.47
Kadapa YSR,12993.34,11044.34,Bharathi Cement Corp (Vicat Group),44.8,48577410.68,14578524.48
S.P.S. Nellore,7792.56,6623.67,Sri Damodaram Sanjeevaiah TPS (APPDCL Krishnapatnam),24.3,19578954.8,9662770.43
Guntur,3601.12,3060.95,Kallam Textiles Limited,12.8,15128448.91,6458608.61
Srikakulam,2831.58,2406.84,Coromandel International & Agro-Carbon Hub,119.3,17257365.43,10901589.87
West Godavari,1575.42,1339.11,K.C.P. Sugar and Industries Corporation Ltd,58.1,5943686.65,2269783.8
Visakhapatnam,1101.87,936.59,Coromandel International & Agro-Carbon Hub,3.8,6915904.25,4242199.91
Krishna,1041.8,885.53,Dr. Narla Tata Rao Thermal Power Station (APGENCO VTPS),19.9,2342341.61,716758.45
East Godavari,85.97,73.07,Andhra Paper Limited (Rajahmundry Mill),62.5,330200.65,132847.53
