District,Year,Crop Area (ha),Predicted Shell Yield (kg/ha),Total Biomass (Tonnes),Briquettes (Tonnes),Bioenergy (MWh),Biochar (Tonnes),CO2 Offset (Tonnes),Matched Industry,Distance (km),Producer Profit (INR),Factory Savings (INR)
Ananthapur,2017,423120.0,160.28,67817.23,57644.64,92306.78,23736.03,118164.74,Penna Cement Industries Limited,61.3,246381854.47,66521918.99
Chittoor,2017,129530.0,337.46,43711.11,37154.44,59495.67,15298.89,76162.23,Chittoor Agro & Fruit Processors Association,4.4,192467426.96,94149349.43
Kurnool,2017,100790.0,248.22,25018.55,21265.77,34053.03,8756.49,43592.33,Kurnool Solvent Extraction & Agro-Feeds,4.1,142167235.2,35366225.47
Kadapa YSR,2017,44370.0,292.84,12993.34,11044.34,17685.38,4547.67,22639.59,Bharathi Cement Corp (Vicat Group),44.8,48577410.68,14578524.48
S.P.S. Nellore,2017,13690.0,569.22,7792.56,6623.67,10606.54,2727.39,13577.75,Sri Damodaram Sanjeevaiah TPS (APPDCL Krishnapatnam),24.3,19578954.8,9662770.43
Guntur,2017,5880.0,612.44,3601.12,3060.95,4901.52,1260.39,6274.59,Kallam Textiles Limited,12.8,15128448.91,6458608.61
Srikakulam,2017,8730.0,324.35,2831.58,2406.84,3854.1,991.05,4933.75,Coromandel International & Agro-Carbon Hub,119.3,17257365.43,10901589.87
West Godavari,2017,2650.0,594.5,1575.42,1339.11,2144.32,551.4,2745.01,K.C.P. Sugar and Industries Corporation Ltd,58.1,5943686.65,2269783.8
Visakhapatnam,2017,3800.0,289.97,1101.87,936.59,1499.77,385.65,1919.9,Coromandel International & Agro-Carbon Hub,3.8,6915904.25,4242199.91
Krishna,2017,1850.0,563.14,1041.8,885.53,1418.01,364.63,1815.23,Dr. Narla Tata Rao Thermal Power Station (APGENCO VTPS),19.9,2342341.61,716758.45
East Godavari,2017,160.0,537.3,85.97,73.07,117.01,30.09,149.79,Andhra Paper Limited (Rajahmundry Mill),62.5,330200.65,132847.53
