"Dist Code","Year","State Code","State Name","Dist Name","GROUNDNUT YIELD (Kg per ha)"
"53","2000","1","Andhra Pradesh","Kadapa YSR","1169.01"
"53","2001","1","Andhra Pradesh","Kadapa YSR","560.9"
"53","2002","1","Andhra Pradesh","Kadapa YSR","349.06"
"53","2003","1","Andhra Pradesh","Kadapa YSR","426.12"
"53","2004","1","Andhra Pradesh","Kadapa YSR","707.18"
"53","2005","1","Andhra Pradesh","Kadapa YSR","286.37"
"53","2006","1","Andhra Pradesh","Kadapa YSR","728.8"
"53","2007","1","Andhra Pradesh","Kadapa YSR","1796.83"
"53","2008","1","Andhra Pradesh","Kadapa YSR","456.49"
"53","2009","1","Andhra Pradesh","Kadapa YSR","735.32"
"53","2010","1","Andhra Pradesh","Kadapa YSR","864.76"
"53","2011","1","Andhra Pradesh","Kadapa YSR","1060.64"
"53","2012","1","Andhra Pradesh","Kadapa YSR","667.34"
"53","2013","1","Andhra Pradesh","Kadapa YSR","1355.74"
"53","2014","1","Andhra Pradesh","Kadapa YSR","819.31"
"53","2015","1","Andhra Pradesh","Kadapa YSR","1651.01"
"53","2016","1","Andhra Pradesh","Kadapa YSR","1002.06"
"53","2017","1","Andhra Pradesh","Kadapa YSR","1614.99"