"Dist Code","Year","State Code","State Name","Dist Name","GROUNDNUT AREA (1000 ha)"
"53","2000","1","Andhra Pradesh","Kadapa YSR","176.85"
"53","2001","1","Andhra Pradesh","Kadapa YSR","139.99"
"53","2002","1","Andhra Pradesh","Kadapa YSR","106.0"
"53","2003","1","Andhra Pradesh","Kadapa YSR","129.4"
"53","2004","1","Andhra Pradesh","Kadapa YSR","218.94"
"53","2005","1","Andhra Pradesh","Kadapa YSR","207.32"
"53","2006","1","Andhra Pradesh","Kadapa YSR","62.61"
"53","2007","1","Andhra Pradesh","Kadapa YSR","172.76"
"53","2008","1","Andhra Pradesh","Kadapa YSR","141.01"
"53","2009","1","Andhra Pradesh","Kadapa YSR","130.12"
"53","2010","1","Andhra Pradesh","Kadapa YSR","160.6"
"53","2011","1","Andhra Pradesh","Kadapa YSR","57.06"
"53","2012","1","Andhra Pradesh","Kadapa YSR","64.57"
"53","2013","1","Andhra Pradesh","Kadapa YSR","59.51"
"53","2014","1","Andhra Pradesh","Kadapa YSR","27.34"
"53","2015","1","Andhra Pradesh","Kadapa YSR","50.66"
"53","2016","1","Andhra Pradesh","Kadapa YSR","65.41"
"53","2017","1","Andhra Pradesh","Kadapa YSR","44.37"