"Dist Code","Year","State Code","State Name","Dist Name","GROUNDNUT AREA (1000 ha)","GROUNDNUT PRODUCTION (1000 tons)","GROUNDNUT YIELD (Kg per ha)"
"44","2000","1","Andhra Pradesh","Srikakulam","69.95","65.5","936.45"
"44","2001","1","Andhra Pradesh","Srikakulam","61.77","49.26","797.46"
"44","2002","1","Andhra Pradesh","Srikakulam","53.0","41.0","773.58"
"44","2003","1","Andhra Pradesh","Srikakulam","57.04","54.94","963.18"
"44","2004","1","Andhra Pradesh","Srikakulam","62.19","54.9","882.71"
"44","2005","1","Andhra Pradesh","Srikakulam","55.82","61.29","1097.81"
"44","2006","1","Andhra Pradesh","Srikakulam","55.05","51.33","932.52"
"44","2007","1","Andhra Pradesh","Srikakulam","48.74","62.27","1277.6"
"44","2008","1","Andhra Pradesh","Srikakulam","48.95","50.82","1038.1"
"44","2009","1","Andhra Pradesh","Srikakulam","43.97","50.26","1142.92"
"44","2010","1","Andhra Pradesh","Srikakulam","39.78","50.84","1278.03"
"44","2011","1","Andhra Pradesh","Srikakulam","31.06","41.76","1344.49"
"44","2012","1","Andhra Pradesh","Srikakulam","21.43","30.38","1417.74"
"44","2013","1","Andhra Pradesh","Srikakulam","21.67","30.1","1389.34"
"44","2014","1","Andhra Pradesh","Srikakulam","12.84","18.96","1476.64"
"44","2015","1","Andhra Pradesh","Srikakulam","11.36","15.67","1378.96"
"44","2016","1","Andhra Pradesh","Srikakulam","9.06","15.74","1738.01"
"44","2017","1","Andhra Pradesh","Srikakulam","8.73","15.3","1752.74"
"45","2000","1","Andhra Pradesh","Visakhapatnam","50.11","50.83","1014.47"
"45","2001","1","Andhra Pradesh","Visakhapatnam","40.8","40.45","991.67"
"45","2002","1","Andhra Pradesh","Visakhapatnam","31.0","26.0","838.71"
"45","2003","1","Andhra Pradesh","Visakhapatnam","34.38","34.56","1005.24"
"45","2004","1","Andhra Pradesh","Visakhapatnam","33.47","30.74","918.3"
"45","2005","1","Andhra Pradesh","Visakhapatnam","27.1","27.94","1030.99"
"45","2006","1","Andhra Pradesh","Visakhapatnam","26.33","26.67","1013.1"
"45","2007","1","Andhra Pradesh","Visakhapatnam","23.32","29.5","1265.01"
"45","2008","1","Andhra Pradesh","Visakhapatnam","23.45","26.2","1117.03"
"45","2009","1","Andhra Pradesh","Visakhapatnam","19.22","21.04","1094.98"
"45","2010","1","Andhra Pradesh","Visakhapatnam","17.23","19.8","1149.16"
"45","2011","1","Andhra Pradesh","Visakhapatnam","12.49","16.01","1281.83"
"45","2012","1","Andhra Pradesh","Visakhapatnam","9.25","11.44","1237.97"
"45","2013","1","Andhra Pradesh","Visakhapatnam","8.25","11.02","1336.57"
"45","2014","1","Andhra Pradesh","Visakhapatnam","6.24","9.59","1536.86"
"45","2015","1","Andhra Pradesh","Visakhapatnam","5.21","7.43","1425.14"
"45","2016","1","Andhra Pradesh","Visakhapatnam","4.66","6.53","1401.44"
"45","2017","1","Andhra Pradesh","Visakhapatnam","3.8","5.54","1457.06"
"46","2000","1","Andhra Pradesh","East Godavari","1.11","1.56","1405.41"
"46","2001","1","Andhra Pradesh","East Godavari","0.63","1.05","1666.67"
"46","2002","1","Andhra Pradesh","East Godavari","1.0","1.0","1000.0"
"46","2003","1","Andhra Pradesh","East Godavari","0.71","1.1","1549.3"
"46","2004","1","Andhra Pradesh","East Godavari","0.49","0.96","1959.18"
"46","2005","1","Andhra Pradesh","East Godavari","0.63","1.38","2190.48"
"46","2006","1","Andhra Pradesh","East Godavari","0.53","1.08","2037.74"
"46","2007","1","Andhra Pradesh","East Godavari","0.57","1.11","1947.37"
"46","2008","1","Andhra Pradesh","East Godavari","0.49","1.05","2142.86"
"46","2009","1","Andhra Pradesh","East Godavari","0.57","1.3","2280.7"
"46","2010","1","Andhra Pradesh","East Godavari","0.36","0.72","2000.0"
"46","2011","1","Andhra Pradesh","East Godavari","0.27","0.61","2259.26"
"46","2012","1","Andhra Pradesh","East Godavari","0.28","0.65","2321.43"
"46","2013","1","Andhra Pradesh","East Godavari","0.19","0.44","2315.79"
"46","2014","1","Andhra Pradesh","East Godavari","0.37","1.14","3081.08"
"46","2015","1","Andhra Pradesh","East Godavari","0.36","1.0","2777.78"
"46","2016","1","Andhra Pradesh","East Godavari","0.31","0.92","2964.63"
"46","2017","1","Andhra Pradesh","East Godavari","0.16","0.51","3121.95"
"47","2000","1","Andhra Pradesh","West Godavari","4.14","7.45","1799.52"
"47","2001","1","Andhra Pradesh","West Godavari","3.37","7.36","2183.98"
"47","2002","1","Andhra Pradesh","West Godavari","3.0","5.0","1666.67"
"47","2003","1","Andhra Pradesh","West Godavari","3.11","5.79","1861.74"
"47","2004","1","Andhra Pradesh","West Godavari","3.92","8.38","2137.76"
"47","2005","1","Andhra Pradesh","West Godavari","4.39","14.38","3275.63"
"47","2006","1","Andhra Pradesh","West Godavari","4.76","9.51","1997.9"
"47","2007","1","Andhra Pradesh","West Godavari","5.81","13.61","2342.51"
"47","2008","1","Andhra Pradesh","West Godavari","10.69","19.99","1869.97"
"47","2009","1","Andhra Pradesh","West Godavari","6.19","13.38","2161.55"
"47","2010","1","Andhra Pradesh","West Godavari","5.88","11.95","2032.31"
"47","2011","1","Andhra Pradesh","West Godavari","6.48","14.39","2220.68"
"47","2012","1","Andhra Pradesh","West Godavari","6.45","17.23","2671.32"
"47","2013","1","Andhra Pradesh","West Godavari","4.32","11.36","2629.63"
"47","2014","1","Andhra Pradesh","West Godavari","2.37","5.98","2523.21"
"47","2015","1","Andhra Pradesh","West Godavari","3.67","11.81","3217.98"
"47","2016","1","Andhra Pradesh","West Godavari","4.08","13.8","3379.04"
"47","2017","1","Andhra Pradesh","West Godavari","2.65","9.15","3448.17"
"48","2000","1","Andhra Pradesh","Krishna","8.92","16.4","1838.56"
"48","2001","1","Andhra Pradesh","Krishna","6.48","12.03","1856.48"
"48","2002","1","Andhra Pradesh","Krishna","4.0","7.0","1750.0"
"48","2003","1","Andhra Pradesh","Krishna","7.59","12.07","1590.25"
"48","2004","1","Andhra Pradesh","Krishna","9.66","22.68","2347.83"
"48","2005","1","Andhra Pradesh","Krishna","6.63","13.82","2084.46"
"48","2006","1","Andhra Pradesh","Krishna","6.28","15.73","2504.78"
"48","2007","1","Andhra Pradesh","Krishna","8.37","19.71","2354.84"
"48","2008","1","Andhra Pradesh","Krishna","8.17","20.39","2495.72"
"48","2009","1","Andhra Pradesh","Krishna","5.52","10.91","1976.45"
"48","2010","1","Andhra Pradesh","Krishna","4.11","8.54","2077.86"
"48","2011","1","Andhra Pradesh","Krishna","4.23","8.71","2059.1"
"48","2012","1","Andhra Pradesh","Krishna","4.82","11.58","2402.49"
"48","2013","1","Andhra Pradesh","Krishna","4.03","7.48","1856.08"
"48","2014","1","Andhra Pradesh","Krishna","1.84","4.54","2467.39"
"48","2015","1","Andhra Pradesh","Krishna","1.87","6.33","3385.03"
"48","2016","1","Andhra Pradesh","Krishna","1.61","6.12","3801.86"
"48","2017","1","Andhra Pradesh","Krishna","1.85","5.65","3049.08"
"49","2000","1","Andhra Pradesh","Guntur","11.03","16.76","1518.93"
"49","2001","1","Andhra Pradesh","Guntur","8.25","17.58","2129.89"
"49","2002","1","Andhra Pradesh","Guntur","7.22","11.68","1617.73"
"49","2003","1","Andhra Pradesh","Guntur","11.93","17.15","1438.16"
"49","2004","1","Andhra Pradesh","Guntur","8.82","19.4","2198.44"
"49","2005","1","Andhra Pradesh","Guntur","9.58","25.55","2666.35"
"49","2006","1","Andhra Pradesh","Guntur","7.15","17.27","2417.09"
"49","2007","1","Andhra Pradesh","Guntur","11.66","17.62","1510.31"
"49","2008","1","Andhra Pradesh","Guntur","9.64","21.4","2219.87"
"49","2009","1","Andhra Pradesh","Guntur","7.33","19.72","2691.13"
"49","2010","1","Andhra Pradesh","Guntur","8.53","20.37","2388.27"
"49","2011","1","Andhra Pradesh","Guntur","7.98","19.99","2505.49"
"49","2012","1","Andhra Pradesh","Guntur","10.84","22.84","2106.47"
"49","2013","1","Andhra Pradesh","Guntur","8.36","26.4","3159.32"
"49","2014","1","Andhra Pradesh","Guntur","6.93","27.16","3920.74"
"49","2015","1","Andhra Pradesh","Guntur","5.84","18.52","3169.46"
"49","2016","1","Andhra Pradesh","Guntur","6.59","20.26","3075.32"
"49","2017","1","Andhra Pradesh","Guntur","5.88","21.29","3622.08"
"50","2000","1","Andhra Pradesh","S.P.S. Nellore","16.22","25.23","1555.27"
"50","2001","1","Andhra Pradesh","S.P.S. Nellore","12.18","26.06","2138.32"
"50","2002","1","Andhra Pradesh","S.P.S. Nellore","12.66","25.04","1977.88"
"50","2003","1","Andhra Pradesh","S.P.S. Nellore","16.87","32.51","1926.95"
"50","2004","1","Andhra Pradesh","S.P.S. Nellore","14.96","35.58","2378.56"
"50","2005","1","Andhra Pradesh","S.P.S. Nellore","17.08","37.59","2201.21"
"50","2006","1","Andhra Pradesh","S.P.S. Nellore","13.09","33.14","2532.69"
"50","2007","1","Andhra Pradesh","S.P.S. Nellore","15.31","34.41","2247.27"
"50","2008","1","Andhra Pradesh","S.P.S. Nellore","16.29","43.53","2672.95"
"50","2009","1","Andhra Pradesh","S.P.S. Nellore","12.46","35.56","2854.02"
"50","2010","1","Andhra Pradesh","S.P.S. Nellore","13.4","29.37","2191.53"
"50","2011","1","Andhra Pradesh","S.P.S. Nellore","13.79","35.52","2576.63"
"50","2012","1","Andhra Pradesh","S.P.S. Nellore","17.41","49.66","2851.93"
"50","2013","1","Andhra Pradesh","S.P.S. Nellore","17.68","52.07","2945.9"
"50","2014","1","Andhra Pradesh","S.P.S. Nellore","10.34","32.24","3118.16"
"50","2015","1","Andhra Pradesh","S.P.S. Nellore","13.04","42.48","3257.72"
"50","2016","1","Andhra Pradesh","S.P.S. Nellore","17.91","51.16","2857.1"
"50","2017","1","Andhra Pradesh","S.P.S. Nellore","13.69","46.4","3388.92"
"51","2000","1","Andhra Pradesh","Kurnool","243.56","268.46","1102.22"
"51","2001","1","Andhra Pradesh","Kurnool","210.27","220.41","1048.21"
"51","2002","1","Andhra Pradesh","Kurnool","188.12","124.28","660.64"
"51","2003","1","Andhra Pradesh","Kurnool","190.61","197.8","1037.7"
"51","2004","1","Andhra Pradesh","Kurnool","202.63","209.63","1034.53"
"51","2005","1","Andhra Pradesh","Kurnool","253.08","300.75","1188.35"
"51","2006","1","Andhra Pradesh","Kurnool","211.76","162.22","766.05"
"51","2007","1","Andhra Pradesh","Kurnool","238.54","335.38","1405.98"
"51","2008","1","Andhra Pradesh","Kurnool","247.67","179.21","723.59"
"51","2009","1","Andhra Pradesh","Kurnool","192.57","127.09","659.96"
"51","2010","1","Andhra Pradesh","Kurnool","180.21","153.28","850.59"
"51","2011","1","Andhra Pradesh","Kurnool","102.32","49.26","481.38"
"51","2012","1","Andhra Pradesh","Kurnool","142.52","136.06","954.64"
"51","2013","1","Andhra Pradesh","Kurnool","168.87","173.52","1027.54"
"51","2014","1","Andhra Pradesh","Kurnool","108.69","101.32","932.2"
"51","2015","1","Andhra Pradesh","Kurnool","87.96","97.49","1108.39"
"51","2016","1","Andhra Pradesh","Kurnool","131.95","138.16","1047.1"
"51","2017","1","Andhra Pradesh","Kurnool","100.79","153.79","1525.75"
"52","2000","1","Andhra Pradesh","Ananthapur","814.61","908.8","1115.63"
"52","2001","1","Andhra Pradesh","Ananthapur","777.47","363.02","466.92"
"52","2002","1","Andhra Pradesh","Ananthapur","750.0","279.0","372.0"
"52","2003","1","Andhra Pradesh","Ananthapur","686.0","207.68","302.74"
"52","2004","1","Andhra Pradesh","Ananthapur","872.32","706.28","809.66"
"52","2005","1","Andhra Pradesh","Ananthapur","899.04","391.97","435.99"
"52","2006","1","Andhra Pradesh","Ananthapur","662.11","62.14","93.85"
"52","2007","1","Andhra Pradesh","Ananthapur","896.83","1130.13","1260.14"
"52","2008","1","Andhra Pradesh","Ananthapur","870.46","100.01","114.89"
"52","2009","1","Andhra Pradesh","Ananthapur","530.38","141.98","267.69"
"52","2010","1","Andhra Pradesh","Ananthapur","834.07","481.0","576.69"
"52","2011","1","Andhra Pradesh","Ananthapur","753.84","207.38","275.1"
"52","2012","1","Andhra Pradesh","Ananthapur","729.7","329.95","452.17"
"52","2013","1","Andhra Pradesh","Ananthapur","728.45","312.93","429.58"
"52","2014","1","Andhra Pradesh","Ananthapur","565.75","173.39","306.48"
"52","2015","1","Andhra Pradesh","Ananthapur","468.18","352.1","752.06"
"52","2016","1","Andhra Pradesh","Ananthapur","623.73","164.51","263.75"
"52","2017","1","Andhra Pradesh","Ananthapur","423.12","454.94","1075.19"
"53","2000","1","Andhra Pradesh","Kadapa YSR","176.85","206.74","1169.01"
"53","2001","1","Andhra Pradesh","Kadapa YSR","139.99","78.52","560.9"
"53","2002","1","Andhra Pradesh","Kadapa YSR","106.0","37.0","349.06"
"53","2003","1","Andhra Pradesh","Kadapa YSR","129.4","55.14","426.12"
"53","2004","1","Andhra Pradesh","Kadapa YSR","218.94","154.83","707.18"
"53","2005","1","Andhra Pradesh","Kadapa YSR","207.32","59.37","286.37"
"53","2006","1","Andhra Pradesh","Kadapa YSR","62.61","45.63","728.8"
"53","2007","1","Andhra Pradesh","Kadapa YSR","172.76","310.42","1796.83"
"53","2008","1","Andhra Pradesh","Kadapa YSR","141.01","64.37","456.49"
"53","2009","1","Andhra Pradesh","Kadapa YSR","130.12","95.68","735.32"
"53","2010","1","Andhra Pradesh","Kadapa YSR","160.6","138.88","864.76"
"53","2011","1","Andhra Pradesh","Kadapa YSR","57.06","60.52","1060.64"
"53","2012","1","Andhra Pradesh","Kadapa YSR","64.57","43.09","667.34"
"53","2013","1","Andhra Pradesh","Kadapa YSR","59.51","80.68","1355.74"
"53","2014","1","Andhra Pradesh","Kadapa YSR","27.34","22.4","819.31"
"53","2015","1","Andhra Pradesh","Kadapa YSR","50.66","83.64","1651.01"
"53","2016","1","Andhra Pradesh","Kadapa YSR","65.41","65.55","1002.06"
"53","2017","1","Andhra Pradesh","Kadapa YSR","44.37","71.66","1614.99"
"54","2000","1","Andhra Pradesh","Chittoor","214.5","278.77","1299.63"
"54","2001","1","Andhra Pradesh","Chittoor","192.81","184.41","956.43"
"54","2002","1","Andhra Pradesh","Chittoor","120.0","103.0","858.33"
"54","2003","1","Andhra Pradesh","Chittoor","159.61","143.78","900.82"
"54","2004","1","Andhra Pradesh","Chittoor","218.76","198.79","908.71"
"54","2005","1","Andhra Pradesh","Chittoor","195.34","174.89","895.31"
"54","2006","1","Andhra Pradesh","Chittoor","105.29","99.31","943.2"
"54","2007","1","Andhra Pradesh","Chittoor","166.5","302.7","1818.02"
"54","2008","1","Andhra Pradesh","Chittoor","188.9","130.62","691.48"
"54","2009","1","Andhra Pradesh","Chittoor","139.43","130.86","938.54"
"54","2010","1","Andhra Pradesh","Chittoor","161.96","191.07","1179.74"
"54","2011","1","Andhra Pradesh","Chittoor","146.16","128.44","878.76"
"54","2012","1","Andhra Pradesh","Chittoor","150.23","126.66","843.11"
"54","2013","1","Andhra Pradesh","Chittoor","155.08","175.32","1130.51"
"54","2014","1","Andhra Pradesh","Chittoor","131.41","95.81","729.09"
"54","2015","1","Andhra Pradesh","Chittoor","126.57","164.09","1296.44"
"54","2016","1","Andhra Pradesh","Chittoor","147.5","119.97","813.35"
"54","2017","1","Andhra Pradesh","Chittoor","129.53","263.38","2033.29"